rate_hz,rx_pin,tx_pin,trial,rx_core,tx_core,rx_effective_core,tx_effective_core,sample_count,ok_count,parse_error_count,missing_delta_total,missing_rate,mean_latency_ms,p50_latency_ms,p95_latency_ms,p99_latency_ms,max_latency_ms,first_edge_count,first_edge_mean_latency_ms,first_edge_max_latency_ms,last_edge_count,last_edge_mean_latency_ms,last_edge_max_latency_ms,middle_mean_latency_ms,first_edge_minus_middle_mean_ms,last_edge_minus_middle_mean_ms,tx_status,rx_status,copy_status,run_validity,source_csv
100000,off,off,1,0,1,default,default,999999,999999,0,0,0.0,0.006867565713565713,0.006315,0.009,0.012,1.510336,3,0.050388999999999996,0.050389,3,0.032074,0.032074,0.006867359528516699,0.0435216404714833,0.0252066404714833,0,0,0,ok,C:\tmp\adaptive-udp-link-issue-132-cpu-affinity\data\cpu_affinity_matrix\rate_100000_rxpin_off_txpin_off_run1.csv
100000,off,off,2,0,1,default,default,999999,999999,0,0,0.0,0.007758929133929134,0.006481,0.009704,0.012019,1.806169,3,0.043259,0.043259,3,0.02563,0.02563,0.007758769019383136,0.03550023098061686,0.017871230980616864,0,0,0,ok,C:\tmp\adaptive-udp-link-issue-132-cpu-affinity\data\cpu_affinity_matrix\rate_100000_rxpin_off_txpin_off_run2.csv
100000,off,off,3,0,1,default,default,999999,999999,0,0,0.0,0.00869744381144381,0.008333,0.008593,0.009704,2.396634,3,0.055704,0.055704,3,0.031278,0.031278,0.00869723504864534,0.047006764951354654,0.022580764951354658,0,0,0,ok,C:\tmp\adaptive-udp-link-issue-132-cpu-affinity\data\cpu_affinity_matrix\rate_100000_rxpin_off_txpin_off_run3.csv
100000,off,on,1,0,1,default,1,999999,999999,0,0,0.0,0.008354102687102686,0.009148,0.009685,0.011926,0.561371,3,0.050556,0.050556,3,0.070167,0.070167,0.008353790640534483,0.04220220935946552,0.06181320935946551,0,0,0,ok,C:\tmp\adaptive-udp-link-issue-132-cpu-affinity\data\cpu_affinity_matrix\rate_100000_rxpin_off_txpin_on_run1.csv
100000,off,on,2,0,1,default,1,888534,888534,0,11469,0.012907778430538393,0.8752701769037537,0.009296,0.009778,0.012684999999999998,1154.180892,3,0.046037,0.046037,3,0.245945,0.245945,0.8752751015375992,-0.8292381015375992,-0.6293301015375993,0,0,0,ok,C:\tmp\adaptive-udp-link-issue-132-cpu-affinity\data\cpu_affinity_matrix\rate_100000_rxpin_off_txpin_on_run2.csv
100000,off,on,3,0,1,default,1,999999,999999,0,0,0.0,0.009206380913380914,0.009278,0.009814,0.012018,0.152278,3,0.049759,0.049759,3,0.067259,0.067259,0.00920608509559567,0.040552914904404325,0.058052914904404326,0,0,0,ok,C:\tmp\adaptive-udp-link-issue-132-cpu-affinity\data\cpu_affinity_matrix\rate_100000_rxpin_off_txpin_on_run3.csv
100000,on,off,1,0,1,0,default,999999,999999,0,0,0.0,0.010500364230364231,0.008296,0.008537,0.010944,4.177006,3,0.056945,0.056945,3,2.510411,2.510411,0.010492725111075778,0.04645227488892423,2.499918274888924,0,0,0,ok,C:\tmp\adaptive-udp-link-issue-132-cpu-affinity\data\cpu_affinity_matrix\rate_100000_rxpin_on_txpin_off_run1.csv
100000,on,off,2,0,1,0,default,998625,998625,0,1374,0.0013758918512955314,0.019361514283139314,0.008222,0.0085,0.008722,20.415696,3,0.071241,0.071241,3,0.028444,0.028444,0.019361331144310292,0.0518796688556897,0.009082668855689709,0,0,0,ok,C:\tmp\adaptive-udp-link-issue-132-cpu-affinity\data\cpu_affinity_matrix\rate_100000_rxpin_on_txpin_off_run2.csv
100000,on,off,3,0,1,0,default,999999,999999,0,0,0.0,0.008795267438267437,0.008166,0.008463,0.008889,3.305764,3,0.050667,0.050667,3,0.029647999999999997,0.029648,0.008795079263554845,0.04187192073644515,0.020852920736445152,0,0,0,ok,C:\tmp\adaptive-udp-link-issue-132-cpu-affinity\data\cpu_affinity_matrix\rate_100000_rxpin_on_txpin_off_run3.csv
100000,on,on,1,0,1,0,1,999999,999999,0,0,0.0,0.008291930804930804,0.008074,0.008445,0.008741,2.718615,3,0.0405,0.0405,3,0.029852,0.029852,0.008291769499386495,0.032208230500613506,0.021560230500613505,0,0,0,ok,C:\tmp\adaptive-udp-link-issue-132-cpu-affinity\data\cpu_affinity_matrix\rate_100000_rxpin_on_txpin_on_run1.csv
100000,on,on,2,0,1,0,1,998559,998559,0,1440,0.001442078034447639,0.01979109235908945,0.00813,0.008482,0.008741,20.715585,3,0.046037,0.046037,3,0.0265,0.0265,0.019790993351379446,0.026246006648620555,0.006709006648620553,0,0,0,ok,C:\tmp\adaptive-udp-link-issue-132-cpu-affinity\data\cpu_affinity_matrix\rate_100000_rxpin_on_txpin_on_run2.csv
100000,on,on,3,0,1,0,1,999042,999042,0,957,0.0009579176851423664,0.01823683545436528,0.008204,0.0085,0.008814,15.872503,3,0.05679700000000001,0.056797,3,0.02963,0.02963,0.018236685449773582,0.038560314550226425,0.011393314550226418,0,0,0,ok,C:\tmp\adaptive-udp-link-issue-132-cpu-affinity\data\cpu_affinity_matrix\rate_100000_rxpin_on_txpin_on_run3.csv
10000,off,off,1,0,1,default,default,100005,100005,0,0,0.0,0.01299829206539673,0.013481,0.014204,0.014889,0.846427,3,0.060037,0.060037,3,0.561779,0.561779,0.012980417304173042,0.04705658269582696,0.548798582695827,0,0,0,ok,C:\tmp\adaptive-udp-link-issue-132-cpu-affinity\data\cpu_affinity_matrix\rate_10000_rxpin_off_txpin_off_run1.csv
10000,off,off,2,0,1,default,default,100005,100005,0,0,0.0,0.013331335053247339,0.013611,0.014315,0.015167,2.147893,3,0.062259,0.062259,3,0.191871,0.191871,0.013324510965109651,0.04893448903489035,0.17854648903489037,0,0,0,ok,C:\tmp\adaptive-udp-link-issue-132-cpu-affinity\data\cpu_affinity_matrix\rate_10000_rxpin_off_txpin_off_run2.csv
10000,off,off,3,0,1,default,default,100005,100005,0,0,0.0,0.011934349122543873,0.010519,0.014111,0.014611,1.901874,3,0.066833,0.066833,3,0.083796,0.083796,0.011930546275462755,0.05490245372453725,0.07186545372453725,0,0,0,ok,C:\tmp\adaptive-udp-link-issue-132-cpu-affinity\data\cpu_affinity_matrix\rate_10000_rxpin_off_txpin_off_run3.csv
10000,off,on,1,0,1,default,1,100005,100005,0,0,0.0,0.013916519124043798,0.013685,0.014481,0.019334,0.489816,3,0.060037,0.060037,3,0.089185,0.089185,0.013912877418774188,0.046124122581225814,0.07527212258122581,0,0,0,ok,C:\tmp\adaptive-udp-link-issue-132-cpu-affinity\data\cpu_affinity_matrix\rate_10000_rxpin_off_txpin_on_run1.csv
10000,off,on,2,0,1,default,1,100005,100005,0,0,0.0,0.013012809989500525,0.013555,0.014185,0.014759,0.306631,3,0.072833,0.072833,3,0.180982,0.180982,0.013005976239762398,0.059827023760237595,0.1679760237602376,0,0,0,ok,C:\tmp\adaptive-udp-link-issue-132-cpu-affinity\data\cpu_affinity_matrix\rate_10000_rxpin_off_txpin_on_run2.csv
10000,off,on,3,0,1,default,1,100005,100005,0,0,0.0,0.013060609899505025,0.013574,0.014222,0.015,0.898501,3,0.069908,0.069908,3,0.200538,0.200538,0.013053280082800829,0.05685471991719917,0.18748471991719917,0,0,0,ok,C:\tmp\adaptive-udp-link-issue-132-cpu-affinity\data\cpu_affinity_matrix\rate_10000_rxpin_off_txpin_on_run3.csv
10000,on,off,1,0,1,0,default,100005,100005,0,0,0.0,0.010102898245087746,0.010037,0.010555000000000002,0.010833,0.432463,3,0.077092,0.077092,3,0.024796,0.024796,0.010100447754477545,0.06699155224552245,0.014695552245522454,0,0,0,ok,C:\tmp\adaptive-udp-link-issue-132-cpu-affinity\data\cpu_affinity_matrix\rate_10000_rxpin_on_txpin_off_run1.csv
10000,on,off,2,0,1,0,default,100005,100005,0,0,0.0,0.013624228348582571,0.013537,0.014167,0.014908,0.08887,3,0.080056,0.080056,3,0.08887,0.08887,0.013619977979779797,0.0664360220202202,0.07525002202022021,0,0,0,ok,C:\tmp\adaptive-udp-link-issue-132-cpu-affinity\data\cpu_affinity_matrix\rate_10000_rxpin_on_txpin_off_run2.csv
10000,on,off,3,0,1,0,default,100005,100005,0,0,0.0,0.01013129197540123,0.010037,0.010648,0.011185,0.190926,3,0.069908,0.069908,3,0.025814,0.025814,0.010129028170281704,0.059778971829718294,0.015684971829718296,0,0,0,ok,C:\tmp\adaptive-udp-link-issue-132-cpu-affinity\data\cpu_affinity_matrix\rate_10000_rxpin_on_txpin_off_run3.csv
10000,on,on,1,0,1,0,1,100005,100005,0,0,0.0,0.010047814819259038,0.009963,0.0105,0.010778,0.431982,3,0.067482,0.067482,3,0.033852,0.033852,0.010045377643776438,0.057436622356223564,0.023806622356223564,0,0,0,ok,C:\tmp\adaptive-udp-link-issue-132-cpu-affinity\data\cpu_affinity_matrix\rate_10000_rxpin_on_txpin_on_run1.csv
10000,on,on,2,0,1,0,1,100005,100005,0,0,0.0,0.010284854777261137,0.01,0.010537,0.010815,3.168949,3,0.065796,0.065796,3,2.879097,2.879097,0.010197124201242013,0.05559887579875798,2.868899875798758,0,0,0,ok,C:\tmp\adaptive-udp-link-issue-132-cpu-affinity\data\cpu_affinity_matrix\rate_10000_rxpin_on_txpin_on_run2.csv
10000,on,on,3,0,1,0,1,100005,100005,0,0,0.0,0.010136605729713515,0.010055,0.010612,0.010870999999999999,0.226018,3,0.063722,0.063722,3,0.030056,0.030056,0.01013440056400564,0.05358759943599436,0.019921599435994357,0,0,0,ok,C:\tmp\adaptive-udp-link-issue-132-cpu-affinity\data\cpu_affinity_matrix\rate_10000_rxpin_on_txpin_on_run3.csv
500000,off,off,1,0,1,default,default,4702251,4702251,0,369,7.847305471358293e-05,0.006098104082066228,0.005444,0.007834,0.010278,3.28056,3,0.071463,0.071463,3,0.027611,0.027611,0.006098048654631989,0.06536495134536802,0.02151295134536801,0,0,0,ok,C:\tmp\adaptive-udp-link-issue-132-cpu-affinity\data\cpu_affinity_matrix\rate_500000_rxpin_off_txpin_off_run1.csv
500000,off,off,2,0,1,default,default,4708452,4708452,0,1020,0.00021663170825570696,0.006362353593282888,0.005426,0.007666,0.010371,3.198394,3,0.049463,0.049463,3,0.029463,0.029463,0.0063623114129375165,0.04310068858706248,0.023100688587062483,0,0,0,ok,C:\tmp\adaptive-udp-link-issue-132-cpu-affinity\data\cpu_affinity_matrix\rate_500000_rxpin_off_txpin_off_run2.csv
500000,off,off,3,0,1,default,default,4329546,4329546,0,339696,0.07845995861921781,0.11364171775077572,0.005426,0.008333,0.047685,443.916909,3,0.061556,0.061556,3,0.035593,0.035593,0.11364180792278164,-0.05208580792278164,-0.07804880792278164,0,0,0,ok,C:\tmp\adaptive-udp-link-issue-132-cpu-affinity\data\cpu_affinity_matrix\rate_500000_rxpin_off_txpin_off_run3.csv
500000,off,on,1,0,1,default,1,4494090,4494090,0,250374,0.0557118348764711,0.08568406898059451,0.005389,0.007815,0.010648,521.87457,3,0.074111,0.074111,3,0.036186,0.036186,0.08568410974828242,-0.01157310974828242,-0.049498109748282414,0,0,0,ok,C:\tmp\adaptive-udp-link-issue-132-cpu-affinity\data\cpu_affinity_matrix\rate_500000_rxpin_off_txpin_on_run1.csv
500000,off,on,2,0,1,default,1,3576099,3576099,0,1172283,0.32781055558025657,0.45925923689025383,0.005445,0.007981,0.010871,2294.560824,3,0.046796,0.046796,3,0.036204,0.036204,0.4592599378103422,-0.4124639378103422,-0.4230559378103422,0,0,0,ok,C:\tmp\adaptive-udp-link-issue-132-cpu-affinity\data\cpu_affinity_matrix\rate_500000_rxpin_off_txpin_on_run2.csv
500000,off,on,3,0,1,default,1,4389759,4389759,0,233499,0.05319175836304453,0.11559517688807062,0.005407,0.007759,0.010463,719.971038,3,0.045741,0.045741,3,0.032908,0.032908,0.11559528113631906,-0.06985428113631906,-0.08268728113631907,0,0,0,ok,C:\tmp\adaptive-udp-link-issue-132-cpu-affinity\data\cpu_affinity_matrix\rate_500000_rxpin_off_txpin_on_run3.csv
500000,on,off,1,0,1,0,default,3983322,3983322,0,205578,0.05160968658822963,0.2690877705159161,0.005407,0.007778,0.016018,1524.969885,3,0.068223,0.068223,3,0.030926,0.030926,0.269088101164959,-0.200865101164959,-0.238162101164959,0,0,0,ok,C:\tmp\adaptive-udp-link-issue-132-cpu-affinity\data\cpu_affinity_matrix\rate_500000_rxpin_on_txpin_off_run1.csv
500000,on,off,2,0,1,0,default,4733724,4733724,0,4209,0.0008891519657673325,0.008208850052094293,0.00537,0.007685,0.010592,6.79125,3,0.052204,0.052204,3,0.034204,0.034204,0.008208805695649805,0.0439951943043502,0.025995194304350194,0,0,0,ok,C:\tmp\adaptive-udp-link-issue-132-cpu-affinity\data\cpu_affinity_matrix\rate_500000_rxpin_on_txpin_off_run2.csv
500000,on,off,3,0,1,0,default,4506282,4506282,0,206475,0.045819369493520376,0.07370594563988672,0.005425,0.007833,0.010445,437.715941,3,0.05640799999999999,0.056408,3,0.036241,0.036241,0.0737059820976345,-0.017297982097634508,-0.0374649820976345,0,0,0,ok,C:\tmp\adaptive-udp-link-issue-132-cpu-affinity\data\cpu_affinity_matrix\rate_500000_rxpin_on_txpin_off_run3.csv
500000,on,on,1,0,1,0,1,4750992,4750992,0,0,0.0,0.005745743645116641,0.005426,0.007852,0.010259,0.177796,3,0.053667,0.053667,3,0.035426,0.035426,0.00574569464380657,0.04792130535619343,0.02968030535619343,0,0,0,ok,C:\tmp\adaptive-udp-link-issue-132-cpu-affinity\data\cpu_affinity_matrix\rate_500000_rxpin_on_txpin_on_run1.csv
500000,on,on,2,0,1,0,1,4479216,4479216,0,127698,0.028509006933356194,0.07730419611043539,0.005408,0.007834,0.010686000000000001,433.576207,3,0.047629,0.047629,3,0.030574,0.030574,0.07730424728378442,-0.02967524728378442,-0.046730247283784415,0,0,0,ok,C:\tmp\adaptive-udp-link-issue-132-cpu-affinity\data\cpu_affinity_matrix\rate_500000_rxpin_on_txpin_on_run2.csv
500000,on,on,3,0,1,0,1,3810039,3810039,0,389124,0.10213123802669737,0.3502132007664488,0.005389,0.007852,0.010537,1451.261113,3,0.056704,0.056704,3,0.031667,0.031667,0.3502136826956617,-0.29350968269566174,-0.3185466826956617,0,0,0,ok,C:\tmp\adaptive-udp-link-issue-132-cpu-affinity\data\cpu_affinity_matrix\rate_500000_rxpin_on_txpin_on_run3.csv
50000,off,off,1,0,1,default,default,500001,500001,0,0,0.0,0.00922698083003834,0.008834,0.009185,0.009556,2.472319,3,0.066519,0.066519,3,0.028463,0.028463,0.009226521657216573,0.05729247834278342,0.019236478342783428,0,0,0,ok,C:\tmp\adaptive-udp-link-issue-132-cpu-affinity\data\cpu_affinity_matrix\rate_50000_rxpin_off_txpin_off_run1.csv
50000,off,off,2,0,1,default,default,500001,500001,0,0,0.0,0.008466269801460397,0.008722,0.009074,0.009333,2.828652,3,0.04711099999999999,0.047111,3,0.030667,0.030667,0.008465904725047251,0.038645095274952745,0.02220109527495275,0,0,0,ok,C:\tmp\adaptive-udp-link-issue-132-cpu-affinity\data\cpu_affinity_matrix\rate_50000_rxpin_off_txpin_off_run2.csv
50000,off,off,3,0,1,default,default,500001,500001,0,0,0.0,0.011040907426185147,0.012204,0.01337,0.014018,1.723503,3,0.048704,0.048704,3,0.19764799999999996,0.197648,0.011039561791617917,0.037664438208382084,0.18660843820838205,0,0,0,ok,C:\tmp\adaptive-udp-link-issue-132-cpu-affinity\data\cpu_affinity_matrix\rate_50000_rxpin_off_txpin_off_run3.csv
50000,off,on,1,0,1,default,1,500001,500001,0,0,0.0,0.012929647380705239,0.011389,0.012019,0.013055,7.394012,3,0.045371,0.045371,3,0.170408,0.170408,0.01292850785107851,0.03244249214892149,0.15747949214892148,0,0,0,ok,C:\tmp\adaptive-udp-link-issue-132-cpu-affinity\data\cpu_affinity_matrix\rate_50000_rxpin_off_txpin_on_run1.csv
50000,off,on,2,0,1,default,1,500001,500001,0,0,0.0,0.009551311003377992,0.011241,0.011815,0.012908,0.226315,3,0.044686,0.044686,3,0.085075,0.085075,0.009550647046470465,0.03513535295352953,0.07552435295352954,0,0,0,ok,C:\tmp\adaptive-udp-link-issue-132-cpu-affinity\data\cpu_affinity_matrix\rate_50000_rxpin_off_txpin_on_run2.csv
50000,off,on,3,0,1,default,1,500001,500001,0,0,0.0,0.010652541378917243,0.011241,0.011759,0.012648,0.376945,3,0.059889,0.059889,3,0.19487,0.19487,0.010651140641406414,0.04923785935859358,0.18421885935859358,0,0,0,ok,C:\tmp\adaptive-udp-link-issue-132-cpu-affinity\data\cpu_affinity_matrix\rate_50000_rxpin_off_txpin_on_run3.csv
50000,on,off,1,0,1,0,default,500001,500001,0,0,0.0,0.00880734131531737,0.008797,0.009148,0.009593,0.280001,3,0.058982,0.058982,3,0.028425999999999996,0.028426,0.008806922551225513,0.05017507744877449,0.01961907744877448,0,0,0,ok,C:\tmp\adaptive-udp-link-issue-132-cpu-affinity\data\cpu_affinity_matrix\rate_50000_rxpin_on_txpin_off_run1.csv
50000,on,off,2,0,1,0,default,500001,500001,0,0,0.0,0.008929883828232343,0.008722,0.009056,0.009759,1.706965,3,0.07587,0.07587,3,0.030741,0.030741,0.008929351315513156,0.06694064868448685,0.021811648684486845,0,0,0,ok,C:\tmp\adaptive-udp-link-issue-132-cpu-affinity\data\cpu_affinity_matrix\rate_50000_rxpin_on_txpin_off_run2.csv
50000,on,off,3,0,1,0,default,500001,500001,0,0,0.0,0.007914944188111624,0.008685,0.009037,0.009334,0.603705,3,0.07287,0.07287,3,0.037037,0.037037,0.007914379719797198,0.06495562028020281,0.0291226202802028,0,0,0,ok,C:\tmp\adaptive-udp-link-issue-132-cpu-affinity\data\cpu_affinity_matrix\rate_50000_rxpin_on_txpin_off_run3.csv
50000,on,on,1,0,1,0,1,500001,500001,0,0,0.0,0.007937977044045912,0.008648,0.009,0.009278,1.792947,3,0.048518,0.048518,3,1.792947,1.792947,0.007927023400234002,0.040590976599765995,1.785019976599766,0,0,0,ok,C:\tmp\adaptive-udp-link-issue-132-cpu-affinity\data\cpu_affinity_matrix\rate_50000_rxpin_on_txpin_on_run1.csv
50000,on,on,2,0,1,0,1,500001,500001,0,0,0.0,0.00885529880540239,0.008611,0.009,0.009278,4.091617,3,0.049926,0.049926,3,0.046537,0.046537,0.008854826286262862,0.041071173713737134,0.03768217371373714,0,0,0,ok,C:\tmp\adaptive-udp-link-issue-132-cpu-affinity\data\cpu_affinity_matrix\rate_50000_rxpin_on_txpin_on_run2.csv
50000,on,on,3,0,1,0,1,500001,500001,0,0,0.0,0.007930258755482488,0.008629,0.009037,0.009333,0.758612,3,0.04772200000000001,0.047722,3,0.033167,0.033167,0.007929868580685806,0.0397921314193142,0.025237131419314197,0,0,0,ok,C:\tmp\adaptive-udp-link-issue-132-cpu-affinity\data\cpu_affinity_matrix\rate_50000_rxpin_on_txpin_on_run3.csv
5000,off,off,1,0,1,default,default,50004,50004,0,0,0.0,0.013878878509719224,0.014537,0.015278,0.01616546000000002,0.207501,3,0.062407,0.062407,3,0.20750100000000002,0.207501,0.013864348913956558,0.04854265108604344,0.19363665108604347,0,0,0,ok,C:\tmp\adaptive-udp-link-issue-132-cpu-affinity\data\cpu_affinity_matrix\rate_5000_rxpin_off_txpin_off_run1.csv
5000,off,off,2,0,1,default,default,50004,50004,0,0,0.0,0.014789921646268299,0.014722,0.015351,0.015962460000000022,0.216259,3,0.061704,0.061704,3,0.216259,0.216259,0.01477501806072243,0.046928981939277574,0.20148398193927758,0,0,0,ok,C:\tmp\adaptive-udp-link-issue-132-cpu-affinity\data\cpu_affinity_matrix\rate_5000_rxpin_off_txpin_off_run2.csv
5000,off,off,3,0,1,default,default,50004,50004,0,0,0.0,0.01713370458363331,0.014371,0.015389,0.020055430000000023,8.403257,3,0.064519,0.064519,3,1.49428,1.49428,0.017042229029161166,0.04747677097083884,1.4772377709708389,0,0,0,ok,C:\tmp\adaptive-udp-link-issue-132-cpu-affinity\data\cpu_affinity_matrix\rate_5000_rxpin_off_txpin_off_run3.csv
5000,off,on,1,0,1,default,1,50004,50004,0,0,0.0,0.013765033477321815,0.014445,0.015166,0.015704,0.1045,3,0.058,0.058,3,0.1045,0.1045,0.013756934957398296,0.044243065042601705,0.0907430650426017,0,0,0,ok,C:\tmp\adaptive-udp-link-issue-132-cpu-affinity\data\cpu_affinity_matrix\rate_5000_rxpin_off_txpin_on_run1.csv
5000,off,on,2,0,1,default,1,50004,50004,0,0,0.0,0.01384071094312455,0.014519,0.015241,0.015833,0.088333,3,0.058611,0.058611,3,0.088333,0.088333,0.013833554902196088,0.04477744509780392,0.0744994450978039,0,0,0,ok,C:\tmp\adaptive-udp-link-issue-132-cpu-affinity\data\cpu_affinity_matrix\rate_5000_rxpin_off_txpin_on_run2.csv
5000,off,on,3,0,1,default,1,50004,50004,0,0,0.0,0.014678124010079193,0.014629,0.015315,0.015982,0.197186,3,0.059073999999999995,0.059074,3,0.197186,0.197186,0.014664509240369616,0.04440949075963038,0.1825214907596304,0,0,0,ok,C:\tmp\adaptive-udp-link-issue-132-cpu-affinity\data\cpu_affinity_matrix\rate_5000_rxpin_off_txpin_on_run3.csv
5000,on,off,1,0,1,0,default,50004,50004,0,0,0.0,0.011252983801295897,0.01037,0.014944,0.015408,0.098982,3,0.060795999999999996,0.060796,3,0.092796,0.092796,0.011245118324732989,0.04955088167526701,0.08155088167526701,0,0,0,ok,C:\tmp\adaptive-udp-link-issue-132-cpu-affinity\data\cpu_affinity_matrix\rate_5000_rxpin_on_txpin_off_run1.csv
5000,on,off,2,0,1,0,default,50004,50004,0,0,0.0,0.010261670926325893,0.010277,0.010685999999999998,0.011148,0.062815,3,0.062815,0.062815,3,0.02687,0.02687,0.010257521060842434,0.05255747893915756,0.016612478939157568,0,0,0,ok,C:\tmp\adaptive-udp-link-issue-132-cpu-affinity\data\cpu_affinity_matrix\rate_5000_rxpin_on_txpin_off_run2.csv
5000,on,off,3,0,1,0,default,50004,50004,0,0,0.0,0.01028590766738661,0.010296,0.010704,0.01113,0.059241,3,0.05924100000000001,0.059241,3,0.024611000000000004,0.024611,0.010282110704428178,0.04895888929557183,0.014328889295571827,0,0,0,ok,C:\tmp\adaptive-udp-link-issue-132-cpu-affinity\data\cpu_affinity_matrix\rate_5000_rxpin_on_txpin_off_run3.csv
5000,on,on,1,0,1,0,1,50004,50004,0,0,0.0,0.01027466216702664,0.010278,0.010704,0.01113,0.064611,3,0.064611,0.064611,3,0.025315,0.025315,0.010270499399975997,0.054340500600024,0.015044500600024003,0,0,0,ok,C:\tmp\adaptive-udp-link-issue-132-cpu-affinity\data\cpu_affinity_matrix\rate_5000_rxpin_on_txpin_on_run1.csv
5000,on,on,2,0,1,0,1,50004,50004,0,0,0.0,0.01029980621550276,0.010297,0.010759,0.011241,0.082945,3,0.082945,0.082945,3,0.038185,0.038185,0.01029377415096604,0.07265122584903397,0.027891225849033956,0,0,0,ok,C:\tmp\adaptive-udp-link-issue-132-cpu-affinity\data\cpu_affinity_matrix\rate_5000_rxpin_on_txpin_on_run2.csv
5000,on,on,3,0,1,0,1,50004,50004,0,0,0.0,0.010336041396688266,0.010351,0.010796,0.01116697,0.0905,3,0.09049999999999998,0.0905,3,0.027685,0.027685,0.010330190387615505,0.08016980961238448,0.017354809612384496,0,0,0,ok,C:\tmp\adaptive-udp-link-issue-132-cpu-affinity\data\cpu_affinity_matrix\rate_5000_rxpin_on_txpin_on_run3.csv
