rate_hz,rcvbuf_requested,rcvbuf_actual,trial,sample_count,ok_count,parse_error_count,missing_delta_total,missing_rate,mean_latency_ms,p50_latency_ms,p95_latency_ms,p99_latency_ms,max_latency_ms,tx_status,rx_status,copy_status,run_validity,source_csv
10000,100000,200000,1,100005,100005,0,0,0.0,0.014040927643617819,0.013666,0.014536999999999998,0.019629,3.190328,0,0,0,ok,C:\tmp\adaptive-udp-link-issue-131-rate-rcvbuf\data\socket_buffer_rate_rcvbuf_matrix\rate_10000_rcvbuf_100000_sndbuf_default_run1.csv
10000,100000,200000,2,100005,100005,0,0,0.0,0.013169517414129294,0.01374,0.014444,0.015204,0.518499,0,0,0,ok,C:\tmp\adaptive-udp-link-issue-131-rate-rcvbuf\data\socket_buffer_rate_rcvbuf_matrix\rate_10000_rcvbuf_100000_sndbuf_default_run2.csv
10000,100000,200000,3,100005,100005,0,0,0.0,0.013788892335383232,0.013667,0.014333,0.01513,0.300352,0,0,0,ok,C:\tmp\adaptive-udp-link-issue-131-rate-rcvbuf\data\socket_buffer_rate_rcvbuf_matrix\rate_10000_rcvbuf_100000_sndbuf_default_run3.csv
10000,10000,20000,1,100005,100005,0,0,0.0,0.01362978743062847,0.013537,0.014203,0.014963,0.192167,0,0,0,ok,C:\tmp\adaptive-udp-link-issue-131-rate-rcvbuf\data\socket_buffer_rate_rcvbuf_matrix\rate_10000_rcvbuf_10000_sndbuf_default_run1.csv
10000,10000,20000,2,100005,100005,0,0,0.0,0.014026414609269537,0.013778,0.0145,0.01526,2.494495,0,0,0,ok,C:\tmp\adaptive-udp-link-issue-131-rate-rcvbuf\data\socket_buffer_rate_rcvbuf_matrix\rate_10000_rcvbuf_10000_sndbuf_default_run2.csv
10000,10000,20000,3,100005,100005,0,0,0.0,0.011881630688465577,0.010518,0.014296,0.019,0.736277,0,0,0,ok,C:\tmp\adaptive-udp-link-issue-131-rate-rcvbuf\data\socket_buffer_rate_rcvbuf_matrix\rate_10000_rcvbuf_10000_sndbuf_default_run3.csv
10000,1000,2304,1,100005,100005,0,0,0.0,0.012869849647517626,0.013388,0.014074,0.014741,0.293962,0,0,0,ok,C:\tmp\adaptive-udp-link-issue-131-rate-rcvbuf\data\socket_buffer_rate_rcvbuf_matrix\rate_10000_rcvbuf_1000_sndbuf_default_run1.csv
10000,1000,2304,2,99960,99960,0,45,0.0004501800720288115,0.011862839225690276,0.010297,0.014185,0.014944000000000002,3.897067,0,0,0,ok,C:\tmp\adaptive-udp-link-issue-131-rate-rcvbuf\data\socket_buffer_rate_rcvbuf_matrix\rate_10000_rcvbuf_1000_sndbuf_default_run2.csv
10000,1000,2304,3,99900,99900,0,105,0.001051051051051051,0.013200760120120121,0.010334,0.015092,0.015722,6.86784,0,0,0,ok,C:\tmp\adaptive-udp-link-issue-131-rate-rcvbuf\data\socket_buffer_rate_rcvbuf_matrix\rate_10000_rcvbuf_1000_sndbuf_default_run3.csv
10000,50000,100000,1,100005,100005,0,0,0.0,0.013760702714864258,0.013648,0.014259,0.015074,0.611666,0,0,0,ok,C:\tmp\adaptive-udp-link-issue-131-rate-rcvbuf\data\socket_buffer_rate_rcvbuf_matrix\rate_10000_rcvbuf_50000_sndbuf_default_run1.csv
10000,50000,100000,2,100005,100005,0,0,0.0,0.011704569341532923,0.010277,0.014574,0.020574,1.444275,0,0,0,ok,C:\tmp\adaptive-udp-link-issue-131-rate-rcvbuf\data\socket_buffer_rate_rcvbuf_matrix\rate_10000_rcvbuf_50000_sndbuf_default_run2.csv
10000,50000,100000,3,100005,100005,0,0,0.0,0.013129573121343933,0.013685,0.014352,0.014999,0.327481,0,0,0,ok,C:\tmp\adaptive-udp-link-issue-131-rate-rcvbuf\data\socket_buffer_rate_rcvbuf_matrix\rate_10000_rcvbuf_50000_sndbuf_default_run3.csv
10000,5000,10000,1,100005,100005,0,0,0.0,0.013219838248087595,0.013611,0.01426,0.015092,0.189981,0,0,0,ok,C:\tmp\adaptive-udp-link-issue-131-rate-rcvbuf\data\socket_buffer_rate_rcvbuf_matrix\rate_10000_rcvbuf_5000_sndbuf_default_run1.csv
10000,5000,10000,2,100005,100005,0,0,0.0,0.012382260926953652,0.013519,0.014333,0.015112,0.201666,0,0,0,ok,C:\tmp\adaptive-udp-link-issue-131-rate-rcvbuf\data\socket_buffer_rate_rcvbuf_matrix\rate_10000_rcvbuf_5000_sndbuf_default_run2.csv
10000,5000,10000,3,100005,100005,0,0,0.0,0.012223931633418329,0.013278,0.014093,0.01487,0.246444,0,0,0,ok,C:\tmp\adaptive-udp-link-issue-131-rate-rcvbuf\data\socket_buffer_rate_rcvbuf_matrix\rate_10000_rcvbuf_5000_sndbuf_default_run3.csv
25000,100000,200000,1,250002,250002,0,0,0.0,0.01301071760625915,0.013592,0.014111,0.014519,1.74059,0,0,0,ok,C:\tmp\adaptive-udp-link-issue-131-rate-rcvbuf\data\socket_buffer_rate_rcvbuf_matrix\rate_25000_rcvbuf_100000_sndbuf_default_run1.csv
25000,100000,200000,2,250002,250002,0,0,0.0,0.012944492392060863,0.013667,0.014315,0.014907,0.193352,0,0,0,ok,C:\tmp\adaptive-udp-link-issue-131-rate-rcvbuf\data\socket_buffer_rate_rcvbuf_matrix\rate_25000_rcvbuf_100000_sndbuf_default_run2.csv
25000,100000,200000,3,250002,250002,0,0,0.0,0.012602551251589988,0.012796,0.013407,0.017796,0.123537,0,0,0,ok,C:\tmp\adaptive-udp-link-issue-131-rate-rcvbuf\data\socket_buffer_rate_rcvbuf_matrix\rate_25000_rcvbuf_100000_sndbuf_default_run3.csv
25000,10000,20000,1,249180,249180,0,822,0.003298820130026487,0.021322006754153626,0.013129,0.01413,0.017241,35.375128,0,0,0,ok,C:\tmp\adaptive-udp-link-issue-131-rate-rcvbuf\data\socket_buffer_rate_rcvbuf_matrix\rate_25000_rcvbuf_10000_sndbuf_default_run1.csv
25000,10000,20000,2,249960,249960,0,42,0.00016802688430148823,0.012597520847335574,0.012648,0.013241,0.014389,4.120253,0,0,0,ok,C:\tmp\adaptive-udp-link-issue-131-rate-rcvbuf\data\socket_buffer_rate_rcvbuf_matrix\rate_25000_rcvbuf_10000_sndbuf_default_run2.csv
25000,10000,20000,3,250002,250002,0,0,0.0,0.012731034595723233,0.013092,0.014223,0.017704,2.440459,0,0,0,ok,C:\tmp\adaptive-udp-link-issue-131-rate-rcvbuf\data\socket_buffer_rate_rcvbuf_matrix\rate_25000_rcvbuf_10000_sndbuf_default_run3.csv
25000,1000,2304,1,250002,250002,0,0,0.0,0.012465855869153046,0.012926,0.014093,0.014574,0.189518,0,0,0,ok,C:\tmp\adaptive-udp-link-issue-131-rate-rcvbuf\data\socket_buffer_rate_rcvbuf_matrix\rate_25000_rcvbuf_1000_sndbuf_default_run1.csv
25000,1000,2304,2,249963,249963,0,39,0.0001560230914175298,0.011996353644339363,0.013481,0.014167,0.014648000000000001,1.829312,0,0,0,ok,C:\tmp\adaptive-udp-link-issue-131-rate-rcvbuf\data\socket_buffer_rate_rcvbuf_matrix\rate_25000_rcvbuf_1000_sndbuf_default_run2.csv
25000,1000,2304,3,249732,249732,0,270,0.001081159002450627,0.012085068797751189,0.010204,0.014221999999999999,0.014777,7.409748,0,0,0,ok,C:\tmp\adaptive-udp-link-issue-131-rate-rcvbuf\data\socket_buffer_rate_rcvbuf_matrix\rate_25000_rcvbuf_1000_sndbuf_default_run3.csv
25000,50000,100000,1,250002,250002,0,0,0.0,0.013208983164134687,0.013574,0.014259,0.014889,3.917882,0,0,0,ok,C:\tmp\adaptive-udp-link-issue-131-rate-rcvbuf\data\socket_buffer_rate_rcvbuf_matrix\rate_25000_rcvbuf_50000_sndbuf_default_run1.csv
25000,50000,100000,2,250002,250002,0,0,0.0,0.0127870575875393,0.0135,0.014111,0.014537,0.295944,0,0,0,ok,C:\tmp\adaptive-udp-link-issue-131-rate-rcvbuf\data\socket_buffer_rate_rcvbuf_matrix\rate_25000_rcvbuf_50000_sndbuf_default_run2.csv
25000,50000,100000,3,250002,250002,0,0,0.0,0.012874362361101111,0.012815,0.013315,0.014593,0.175611,0,0,0,ok,C:\tmp\adaptive-udp-link-issue-131-rate-rcvbuf\data\socket_buffer_rate_rcvbuf_matrix\rate_25000_rcvbuf_50000_sndbuf_default_run3.csv
25000,5000,10000,1,249873,249873,0,129,0.0005162622612287042,0.013010669868293093,0.012574,0.013148,0.013944,4.19103,0,0,0,ok,C:\tmp\adaptive-udp-link-issue-131-rate-rcvbuf\data\socket_buffer_rate_rcvbuf_matrix\rate_25000_rcvbuf_5000_sndbuf_default_run1.csv
25000,5000,10000,2,249936,249936,0,66,0.00026406760130593434,0.01295757627952756,0.012685,0.013315,0.014500000000000002,3.971512,0,0,0,ok,C:\tmp\adaptive-udp-link-issue-131-rate-rcvbuf\data\socket_buffer_rate_rcvbuf_matrix\rate_25000_rcvbuf_5000_sndbuf_default_run2.csv
25000,5000,10000,3,250002,250002,0,0,0.0,0.012750893824849402,0.013297,0.01426,0.017241,0.144055,0,0,0,ok,C:\tmp\adaptive-udp-link-issue-131-rate-rcvbuf\data\socket_buffer_rate_rcvbuf_matrix\rate_25000_rcvbuf_5000_sndbuf_default_run3.csv
50000,100000,200000,1,500001,500001,0,0,0.0,0.013101755752488497,0.012037,0.013148,0.013871,6.895027,0,0,0,ok,C:\tmp\adaptive-udp-link-issue-131-rate-rcvbuf\data\socket_buffer_rate_rcvbuf_matrix\rate_50000_rcvbuf_100000_sndbuf_default_run1.csv
50000,100000,200000,2,500001,500001,0,0,0.0,0.010928294293411413,0.012204,0.013296,0.014019,1.330516,0,0,0,ok,C:\tmp\adaptive-udp-link-issue-131-rate-rcvbuf\data\socket_buffer_rate_rcvbuf_matrix\rate_50000_rcvbuf_100000_sndbuf_default_run2.csv
50000,100000,200000,3,499860,499860,0,141,0.0002820789821149922,0.021185073142479895,0.008852,0.012259,0.013352,14.971847,0,0,0,ok,C:\tmp\adaptive-udp-link-issue-131-rate-rcvbuf\data\socket_buffer_rate_rcvbuf_matrix\rate_50000_rcvbuf_100000_sndbuf_default_run3.csv
50000,10000,20000,1,499971,499971,0,30,6.0003480201851706e-05,0.008030156039050265,0.008685,0.009056,0.009352,1.792979,0,0,0,ok,C:\tmp\adaptive-udp-link-issue-131-rate-rcvbuf\data\socket_buffer_rate_rcvbuf_matrix\rate_50000_rcvbuf_10000_sndbuf_default_run1.csv
50000,10000,20000,2,499818,499818,0,183,0.0003661332725111941,0.009275365527051847,0.008703,0.012926,0.013667,4.843178,0,0,0,ok,C:\tmp\adaptive-udp-link-issue-131-rate-rcvbuf\data\socket_buffer_rate_rcvbuf_matrix\rate_50000_rcvbuf_10000_sndbuf_default_run2.csv
50000,10000,20000,3,499626,499626,0,375,0.0007505614199421167,0.01205226036074984,0.012278,0.013425,0.01424,6.224546,0,0,0,ok,C:\tmp\adaptive-udp-link-issue-131-rate-rcvbuf\data\socket_buffer_rate_rcvbuf_matrix\rate_50000_rcvbuf_10000_sndbuf_default_run3.csv
50000,1000,2304,1,499983,499983,0,18,3.6001224041617415e-05,0.010021283821649936,0.009277,0.012834,0.013408,0.425073,0,0,0,ok,C:\tmp\adaptive-udp-link-issue-131-rate-rcvbuf\data\socket_buffer_rate_rcvbuf_matrix\rate_50000_rcvbuf_1000_sndbuf_default_run1.csv
50000,1000,2304,2,500001,500001,0,0,0.0,0.009423600022799955,0.011315,0.01237,0.013796,0.079519,0,0,0,ok,C:\tmp\adaptive-udp-link-issue-131-rate-rcvbuf\data\socket_buffer_rate_rcvbuf_matrix\rate_50000_rcvbuf_1000_sndbuf_default_run2.csv
50000,1000,2304,3,499629,499629,0,336,0.0006724989942537363,0.00898523503839849,0.008741,0.009112,0.012666,2.877663,0,0,0,ok,C:\tmp\adaptive-udp-link-issue-131-rate-rcvbuf\data\socket_buffer_rate_rcvbuf_matrix\rate_50000_rcvbuf_1000_sndbuf_default_run3.csv
50000,50000,100000,1,500001,500001,0,0,0.0,0.013302209663580674,0.012426,0.013334,0.014,4.637382,0,0,0,ok,C:\tmp\adaptive-udp-link-issue-131-rate-rcvbuf\data\socket_buffer_rate_rcvbuf_matrix\rate_50000_rcvbuf_50000_sndbuf_default_run1.csv
50000,50000,100000,2,500001,500001,0,0,0.0,0.013122866674266652,0.012241,0.013407,0.01424,5.787362,0,0,0,ok,C:\tmp\adaptive-udp-link-issue-131-rate-rcvbuf\data\socket_buffer_rate_rcvbuf_matrix\rate_50000_rcvbuf_50000_sndbuf_default_run2.csv
50000,50000,100000,3,500001,500001,0,0,0.0,0.01072182702034596,0.009463,0.01324,0.013648,0.496148,0,0,0,ok,C:\tmp\adaptive-udp-link-issue-131-rate-rcvbuf\data\socket_buffer_rate_rcvbuf_matrix\rate_50000_rcvbuf_50000_sndbuf_default_run3.csv
50000,5000,10000,1,495426,495426,0,4575,0.00923447699555534,0.031934849692991485,0.009629,0.013722,0.065555,318.644155,0,0,0,ok,C:\tmp\adaptive-udp-link-issue-131-rate-rcvbuf\data\socket_buffer_rate_rcvbuf_matrix\rate_50000_rcvbuf_5000_sndbuf_default_run1.csv
50000,5000,10000,2,499581,499581,0,420,0.0008407045103796982,0.011270331045416058,0.011278,0.012963,0.013408,6.240269,0,0,0,ok,C:\tmp\adaptive-udp-link-issue-131-rate-rcvbuf\data\socket_buffer_rate_rcvbuf_matrix\rate_50000_rcvbuf_5000_sndbuf_default_run2.csv
50000,5000,10000,3,499539,499539,0,462,0.0009248527142024947,0.00832281952760445,0.008666,0.009055,0.009445,4.115531,0,0,0,ok,C:\tmp\adaptive-udp-link-issue-131-rate-rcvbuf\data\socket_buffer_rate_rcvbuf_matrix\rate_50000_rcvbuf_5000_sndbuf_default_run3.csv
5000,100000,200000,1,50004,50004,0,0,0.0,0.015865246100311977,0.014704,0.015407999999999998,0.016352,4.236769,0,0,0,ok,C:\tmp\adaptive-udp-link-issue-131-rate-rcvbuf\data\socket_buffer_rate_rcvbuf_matrix\rate_5000_rcvbuf_100000_sndbuf_default_run1.csv
5000,100000,200000,2,50004,50004,0,0,0.0,0.013822971382289415,0.014537,0.015277000000000002,0.015963,0.106629,0,0,0,ok,C:\tmp\adaptive-udp-link-issue-131-rate-rcvbuf\data\socket_buffer_rate_rcvbuf_matrix\rate_5000_rcvbuf_100000_sndbuf_default_run2.csv
5000,100000,200000,3,50004,50004,0,0,0.0,0.01446522966162707,0.01426,0.014963,0.015981,0.471906,0,0,0,ok,C:\tmp\adaptive-udp-link-issue-131-rate-rcvbuf\data\socket_buffer_rate_rcvbuf_matrix\rate_5000_rcvbuf_100000_sndbuf_default_run3.csv
5000,10000,20000,1,50004,50004,0,0,0.0,0.013793024538036958,0.014463,0.015185,0.01590646000000002,0.193759,0,0,0,ok,C:\tmp\adaptive-udp-link-issue-131-rate-rcvbuf\data\socket_buffer_rate_rcvbuf_matrix\rate_5000_rcvbuf_10000_sndbuf_default_run1.csv
5000,10000,20000,2,50004,50004,0,0,0.0,0.014780223242140629,0.014463,0.015185,0.016019,4.016011,0,0,0,ok,C:\tmp\adaptive-udp-link-issue-131-rate-rcvbuf\data\socket_buffer_rate_rcvbuf_matrix\rate_5000_rcvbuf_10000_sndbuf_default_run2.csv
5000,10000,20000,3,50004,50004,0,0,0.0,0.013720921466282697,0.014352,0.015092999999999999,0.015815,0.103555,0,0,0,ok,C:\tmp\adaptive-udp-link-issue-131-rate-rcvbuf\data\socket_buffer_rate_rcvbuf_matrix\rate_5000_rcvbuf_10000_sndbuf_default_run3.csv
5000,1000,2304,1,50004,50004,0,0,0.0,0.013950685145188385,0.014445,0.015759,0.021834,0.101129,0,0,0,ok,C:\tmp\adaptive-udp-link-issue-131-rate-rcvbuf\data\socket_buffer_rate_rcvbuf_matrix\rate_5000_rcvbuf_1000_sndbuf_default_run1.csv
5000,1000,2304,2,50004,50004,0,0,0.0,0.01376907349412047,0.014426,0.015111,0.015776490000000018,0.433981,0,0,0,ok,C:\tmp\adaptive-udp-link-issue-131-rate-rcvbuf\data\socket_buffer_rate_rcvbuf_matrix\rate_5000_rcvbuf_1000_sndbuf_default_run2.csv
5000,1000,2304,3,49995,49995,0,9,0.00018001800180018,0.013800169456945696,0.014222,0.015037,0.018,3.997271,0,0,0,ok,C:\tmp\adaptive-udp-link-issue-131-rate-rcvbuf\data\socket_buffer_rate_rcvbuf_matrix\rate_5000_rcvbuf_1000_sndbuf_default_run3.csv
5000,50000,100000,1,50004,50004,0,0,0.0,0.014588528197744182,0.0145,0.015167,0.015963,0.194851,0,0,0,ok,C:\tmp\adaptive-udp-link-issue-131-rate-rcvbuf\data\socket_buffer_rate_rcvbuf_matrix\rate_5000_rcvbuf_50000_sndbuf_default_run1.csv
5000,50000,100000,2,50004,50004,0,0,0.0,0.013741107271418286,0.014407,0.015111,0.01590797,0.194389,0,0,0,ok,C:\tmp\adaptive-udp-link-issue-131-rate-rcvbuf\data\socket_buffer_rate_rcvbuf_matrix\rate_5000_rcvbuf_50000_sndbuf_default_run2.csv
5000,50000,100000,3,50004,50004,0,0,0.0,0.013793872270218383,0.014463,0.015185,0.015926,0.110259,0,0,0,ok,C:\tmp\adaptive-udp-link-issue-131-rate-rcvbuf\data\socket_buffer_rate_rcvbuf_matrix\rate_5000_rcvbuf_50000_sndbuf_default_run3.csv
5000,5000,10000,1,50004,50004,0,0,0.0,0.013797854271658267,0.014407,0.015148,0.016019,0.105851,0,0,0,ok,C:\tmp\adaptive-udp-link-issue-131-rate-rcvbuf\data\socket_buffer_rate_rcvbuf_matrix\rate_5000_rcvbuf_5000_sndbuf_default_run1.csv
5000,5000,10000,2,50004,50004,0,0,0.0,0.014725797156227502,0.014592,0.015278,0.016313490000000017,0.201703,0,0,0,ok,C:\tmp\adaptive-udp-link-issue-131-rate-rcvbuf\data\socket_buffer_rate_rcvbuf_matrix\rate_5000_rcvbuf_5000_sndbuf_default_run2.csv
5000,5000,10000,3,50004,50004,0,0,0.0,0.01481101109911207,0.014723,0.015389,0.01625846000000002,0.194555,0,0,0,ok,C:\tmp\adaptive-udp-link-issue-131-rate-rcvbuf\data\socket_buffer_rate_rcvbuf_matrix\rate_5000_rcvbuf_5000_sndbuf_default_run3.csv
