rate_hz,rcvbuf_requested,rcvbuf_actual,sndbuf_requested,sndbuf_actual,trial,sample_count,ok_count,parse_error_count,missing_delta_total,missing_rate,mean_latency_ms,p50_latency_ms,p95_latency_ms,p99_latency_ms,max_latency_ms,tx_status,rx_status,copy_status,run_validity,source_csv
1000000,100000,200000,default,default,1,4658250,4658250,0,17781,0.00381709869586218,0.012256843325712445,0.005426,0.007796,0.010723,32.884782,0,0,0,ok,C:\tmp\adaptive-udp-link-issue-131-highrate\data\socket_buffer_txrx_highrate\rate_1000000_rcvbuf_100000_sndbuf_default_run1.csv
1000000,100000,200000,default,default,2,4404147,4404147,0,36840,0.008364843407815407,0.021473108103339876,0.005426,0.039834,0.056815,69.393643,0,0,0,ok,C:\tmp\adaptive-udp-link-issue-131-highrate\data\socket_buffer_txrx_highrate\rate_1000000_rcvbuf_100000_sndbuf_default_run2.csv
1000000,100000,200000,default,default,3,4686876,4686876,0,26658,0.0056877971595578804,0.0153538772393381,0.005407,0.007852,0.0115,51.772783,0,0,0,ok,C:\tmp\adaptive-udp-link-issue-131-highrate\data\socket_buffer_txrx_highrate\rate_1000000_rcvbuf_100000_sndbuf_default_run3.csv
1000000,16000,32000,default,default,1,4446753,4446753,0,310389,0.0698012684761218,0.02002129522058005,0.00537,0.007815,0.010463,554.712422,0,0,0,ok,C:\tmp\adaptive-udp-link-issue-131-highrate\data\socket_buffer_txrx_highrate\rate_1000000_rcvbuf_16000_sndbuf_default_run1.csv
1000000,16000,32000,default,default,2,4727640,4727640,0,5544,0.001172678122699698,0.005948863854481306,0.005389,0.007723,0.010333,3.984312,0,0,0,ok,C:\tmp\adaptive-udp-link-issue-131-highrate\data\socket_buffer_txrx_highrate\rate_1000000_rcvbuf_16000_sndbuf_default_run2.csv
1000000,16000,32000,default,default,3,4506006,4506006,0,212526,0.04716505037942693,0.015601605631683578,0.005426,0.007796,0.010667,397.07778,0,0,0,ok,C:\tmp\adaptive-udp-link-issue-131-highrate\data\socket_buffer_txrx_highrate\rate_1000000_rcvbuf_16000_sndbuf_default_run3.csv
1000000,2000,4000,default,default,1,4662642,4662642,0,17115,0.0036706656869646007,0.005801407155642659,0.005426,0.007907,0.01113,17.500456,0,0,0,ok,C:\tmp\adaptive-udp-link-issue-131-highrate\data\socket_buffer_txrx_highrate\rate_1000000_rcvbuf_2000_sndbuf_default_run1.csv
1000000,2000,4000,default,default,2,4643484,4643484,0,72294,0.015568913341792499,0.006052441868863983,0.005389,0.007834,0.010685,103.666958,0,0,0,ok,C:\tmp\adaptive-udp-link-issue-131-highrate\data\socket_buffer_txrx_highrate\rate_1000000_rcvbuf_2000_sndbuf_default_run2.csv
1000000,2000,4000,default,default,3,4687932,4687932,0,17172,0.003663022415854155,0.005803870030537985,0.005444,0.007797,0.010111,14.216936,0,0,0,ok,C:\tmp\adaptive-udp-link-issue-131-highrate\data\socket_buffer_txrx_highrate\rate_1000000_rcvbuf_2000_sndbuf_default_run3.csv
1000000,32000,64000,default,default,1,4721538,4721538,0,6852,0.0014512220382426235,0.006404571829772417,0.005371,0.007704,0.01063,4.782443,0,0,0,ok,C:\tmp\adaptive-udp-link-issue-131-highrate\data\socket_buffer_txrx_highrate\rate_1000000_rcvbuf_32000_sndbuf_default_run1.csv
1000000,32000,64000,default,default,2,4721298,4721298,0,6174,0.0013076912323687258,0.006868514648302225,0.005407,0.007815,0.011297,2.978789,0,0,0,ok,C:\tmp\adaptive-udp-link-issue-131-highrate\data\socket_buffer_txrx_highrate\rate_1000000_rcvbuf_32000_sndbuf_default_run2.csv
1000000,32000,64000,default,default,3,4442571,4442571,0,72924,0.016414819256687176,0.033457885100992193,0.005371,0.007704,0.011296,570.752947,0,0,0,ok,C:\tmp\adaptive-udp-link-issue-131-highrate\data\socket_buffer_txrx_highrate\rate_1000000_rcvbuf_32000_sndbuf_default_run3.csv
1000000,4000,8000,default,default,1,4688916,4688916,0,23544,0.0050212031949388725,0.005841948152622056,0.005389,0.007667,0.010074,27.655831,0,0,0,ok,C:\tmp\adaptive-udp-link-issue-131-highrate\data\socket_buffer_txrx_highrate\rate_1000000_rcvbuf_4000_sndbuf_default_run1.csv
1000000,4000,8000,default,default,2,4490568,4490568,0,247614,0.055140908677922255,0.008547729662706366,0.005371,0.007852,0.01037,462.653762,0,0,0,ok,C:\tmp\adaptive-udp-link-issue-131-highrate\data\socket_buffer_txrx_highrate\rate_1000000_rcvbuf_4000_sndbuf_default_run2.csv
1000000,4000,8000,default,default,3,4698417,4698417,0,26181,0.005572302330763745,0.005855692066923817,0.005352,0.007833,0.010612,35.039096,0,0,0,ok,C:\tmp\adaptive-udp-link-issue-131-highrate\data\socket_buffer_txrx_highrate\rate_1000000_rcvbuf_4000_sndbuf_default_run3.csv
1000000,8000,16000,default,default,1,4718985,4718985,0,6822,0.0014456498590268883,0.0057097318923454935,0.005389,0.007704,0.010314,2.549048,0,0,0,ok,C:\tmp\adaptive-udp-link-issue-131-highrate\data\socket_buffer_txrx_highrate\rate_1000000_rcvbuf_8000_sndbuf_default_run1.csv
1000000,8000,16000,default,default,2,4700817,4700817,0,14262,0.003033940695840744,0.0059551527251539465,0.005407,0.007815,0.010703,16.594365,0,0,0,ok,C:\tmp\adaptive-udp-link-issue-131-highrate\data\socket_buffer_txrx_highrate\rate_1000000_rcvbuf_8000_sndbuf_default_run2.csv
1000000,8000,16000,default,default,3,4732776,4732776,0,12459,0.0026324930653806563,0.0058592594029381485,0.00537,0.007685,0.010555,4.601667,0,0,0,ok,C:\tmp\adaptive-udp-link-issue-131-highrate\data\socket_buffer_txrx_highrate\rate_1000000_rcvbuf_8000_sndbuf_default_run3.csv
100000,100000,200000,default,default,1,999999,999999,0,0,0.0,0.010171858006858008,0.00926,0.010074,0.012777,4.261324,0,0,0,ok,C:\tmp\adaptive-udp-link-issue-131-highrate\data\socket_buffer_txrx_highrate\rate_100000_rcvbuf_100000_sndbuf_default_run1.csv
100000,100000,200000,default,default,2,999999,999999,0,0,0.0,0.00786040356040356,0.008074,0.011334,0.012278,0.495869,0,0,0,ok,C:\tmp\adaptive-udp-link-issue-131-highrate\data\socket_buffer_txrx_highrate\rate_100000_rcvbuf_100000_sndbuf_default_run2.csv
100000,100000,200000,default,default,3,999999,999999,0,0,0.0,0.01047604555804556,0.008833,0.009592,0.012111,4.143936,0,0,0,ok,C:\tmp\adaptive-udp-link-issue-131-highrate\data\socket_buffer_txrx_highrate\rate_100000_rcvbuf_100000_sndbuf_default_run3.csv
100000,16000,32000,default,default,1,999432,999432,0,567,0.0005673222390317701,0.011485033381960955,0.009018,0.009704,0.017203,26.758368,0,0,0,ok,C:\tmp\adaptive-udp-link-issue-131-highrate\data\socket_buffer_txrx_highrate\rate_100000_rcvbuf_16000_sndbuf_default_run1.csv
100000,16000,32000,default,default,2,999957,999957,0,42,4.200180607766134e-05,0.008051824282444145,0.00824,0.009537,0.012055,1.282997,0,0,0,ok,C:\tmp\adaptive-udp-link-issue-131-highrate\data\socket_buffer_txrx_highrate\rate_100000_rcvbuf_16000_sndbuf_default_run2.csv
100000,16000,32000,default,default,3,999999,999999,0,0,0.0,0.008787545793545794,0.008592,0.011815,0.0125,0.597091,0,0,0,ok,C:\tmp\adaptive-udp-link-issue-131-highrate\data\socket_buffer_txrx_highrate\rate_100000_rcvbuf_16000_sndbuf_default_run3.csv
100000,2000,4000,default,default,1,999999,999999,0,0,0.0,0.008370784842784843,0.009223,0.009871,0.012388,0.394647,0,0,0,ok,C:\tmp\adaptive-udp-link-issue-131-highrate\data\socket_buffer_txrx_highrate\rate_100000_rcvbuf_2000_sndbuf_default_run1.csv
100000,2000,4000,default,default,2,999462,999462,0,537,0.0005372890615150951,0.007620567464295791,0.006426,0.00963,0.011908,3.097012,0,0,0,ok,C:\tmp\adaptive-udp-link-issue-131-highrate\data\socket_buffer_txrx_highrate\rate_100000_rcvbuf_2000_sndbuf_default_run2.csv
100000,2000,4000,default,default,3,999621,999621,0,378,0.0003781433163168841,0.007541150299963687,0.006426,0.009649,0.011963,2.763754,0,0,0,ok,C:\tmp\adaptive-udp-link-issue-131-highrate\data\socket_buffer_txrx_highrate\rate_100000_rcvbuf_2000_sndbuf_default_run3.csv
100000,32000,64000,default,default,1,999999,999999,0,0,0.0,0.007653516681516682,0.006444,0.009426,0.011889,1.875088,0,0,0,ok,C:\tmp\adaptive-udp-link-issue-131-highrate\data\socket_buffer_txrx_highrate\rate_100000_rcvbuf_32000_sndbuf_default_run1.csv
100000,32000,64000,default,default,2,998124,998124,0,1875,0.0018785241112326725,0.011877309812207701,0.00813,0.00974,0.013389,20.816492,0,0,0,ok,C:\tmp\adaptive-udp-link-issue-131-highrate\data\socket_buffer_txrx_highrate\rate_100000_rcvbuf_32000_sndbuf_default_run2.csv
100000,32000,64000,default,default,3,999315,999315,0,684,0.0006844688611699014,0.017810776004563128,0.008481,0.00987,0.03487,67.147965,0,0,0,ok,C:\tmp\adaptive-udp-link-issue-131-highrate\data\socket_buffer_txrx_highrate\rate_100000_rcvbuf_32000_sndbuf_default_run3.csv
100000,4000,8000,default,default,1,999999,999999,0,0,0.0,0.008490827361827361,0.00924,0.011666,0.013500000000000002,1.21346,0,0,0,ok,C:\tmp\adaptive-udp-link-issue-131-highrate\data\socket_buffer_txrx_highrate\rate_100000_rcvbuf_4000_sndbuf_default_run1.csv
100000,4000,8000,default,default,2,999963,999963,0,36,3.600133204928582e-05,0.007703713411396222,0.006593,0.009704,0.013204,4.080899,0,0,0,ok,C:\tmp\adaptive-udp-link-issue-131-highrate\data\socket_buffer_txrx_highrate\rate_100000_rcvbuf_4000_sndbuf_default_run2.csv
100000,4000,8000,default,default,3,993636,993636,0,6363,0.006403753487192493,0.00946203841950171,0.008204,0.009407,0.011555,63.898064,0,0,0,ok,C:\tmp\adaptive-udp-link-issue-131-highrate\data\socket_buffer_txrx_highrate\rate_100000_rcvbuf_4000_sndbuf_default_run3.csv
100000,8000,16000,default,default,1,999591,999591,0,408,0.0004081669402785739,0.008258859101372461,0.008185,0.009408,0.012185,2.975567,0,0,0,ok,C:\tmp\adaptive-udp-link-issue-131-highrate\data\socket_buffer_txrx_highrate\rate_100000_rcvbuf_8000_sndbuf_default_run1.csv
100000,8000,16000,default,default,2,999819,999819,0,180,0.00018003258589804755,0.008197915219654758,0.008241,0.00987,0.012259,1.386923,0,0,0,ok,C:\tmp\adaptive-udp-link-issue-131-highrate\data\socket_buffer_txrx_highrate\rate_100000_rcvbuf_8000_sndbuf_default_run2.csv
100000,8000,16000,default,default,3,999954,999954,0,45,4.500207009522438e-05,0.008245231940669272,0.008908,0.009852,0.012556,0.937572,0,0,0,ok,C:\tmp\adaptive-udp-link-issue-131-highrate\data\socket_buffer_txrx_highrate\rate_100000_rcvbuf_8000_sndbuf_default_run3.csv
140000,100000,200000,default,default,1,1399998,1399998,0,0,0.0,0.008400493414990592,0.006352,0.009648,0.019797,2.420957,0,0,0,ok,C:\tmp\adaptive-udp-link-issue-131-highrate\data\socket_buffer_txrx_highrate\rate_140000_rcvbuf_100000_sndbuf_default_run1.csv
140000,100000,200000,default,default,2,1399998,1399998,0,0,0.0,0.00845083600476572,0.009074,0.009740000000000002,0.013963,2.068885,0,0,0,ok,C:\tmp\adaptive-udp-link-issue-131-highrate\data\socket_buffer_txrx_highrate\rate_140000_rcvbuf_100000_sndbuf_default_run2.csv
140000,100000,200000,default,default,3,1399998,1399998,0,0,0.0,0.016575200288857558,0.007777,0.009593,0.010889,150.673897,0,0,0,ok,C:\tmp\adaptive-udp-link-issue-131-highrate\data\socket_buffer_txrx_highrate\rate_140000_rcvbuf_100000_sndbuf_default_run3.csv
140000,12000,24000,10000,20000,1,1399572,1399572,0,405,0.0002893741801064897,0.007771769568125113,0.006315,0.006518,0.008481,22.532442,0,0,0,ok,C:\tmp\adaptive-udp-link-issue-131-highrate\data\socket_buffer_txrx_highrate\rate_140000_rcvbuf_12000_sndbuf_10000_run1.csv
140000,12000,24000,10000,20000,2,1399998,1399998,0,0,0.0,0.008884752366789097,0.009277,0.009907,0.014371,0.076981,0,0,0,ok,C:\tmp\adaptive-udp-link-issue-131-highrate\data\socket_buffer_txrx_highrate\rate_140000_rcvbuf_12000_sndbuf_10000_run2.csv
140000,12000,24000,10000,20000,3,1399998,1399998,0,0,0.0,0.00764634954335649,0.0065,0.009611,0.011481,0.076092,0,0,0,ok,C:\tmp\adaptive-udp-link-issue-131-highrate\data\socket_buffer_txrx_highrate\rate_140000_rcvbuf_12000_sndbuf_10000_run3.csv
140000,12000,24000,12000,24000,1,1376304,1376304,0,23694,0.017215673281484323,0.03468734292060475,0.009166,0.009815,0.013666,465.873268,0,0,0,ok,C:\tmp\adaptive-udp-link-issue-131-highrate\data\socket_buffer_txrx_highrate\rate_140000_rcvbuf_12000_sndbuf_12000_run1.csv
140000,12000,24000,12000,24000,2,1399998,1399998,0,0,0.0,0.008033842266203238,0.009018,0.009852,0.014278,0.305888,0,0,0,ok,C:\tmp\adaptive-udp-link-issue-131-highrate\data\socket_buffer_txrx_highrate\rate_140000_rcvbuf_12000_sndbuf_12000_run2.csv
140000,12000,24000,12000,24000,3,1399440,1399440,0,513,0.0003665752015091751,0.008997427000085748,0.009037,0.009759,0.017203610000000102,4.119878,0,0,0,ok,C:\tmp\adaptive-udp-link-issue-131-highrate\data\socket_buffer_txrx_highrate\rate_140000_rcvbuf_12000_sndbuf_12000_run3.csv
140000,12000,24000,16000,32000,1,1370793,1370793,0,29205,0.021305186122193506,0.02074358156920848,0.006315,0.006536999999999999,0.008352,250.157552,0,0,0,ok,C:\tmp\adaptive-udp-link-issue-131-highrate\data\socket_buffer_txrx_highrate\rate_140000_rcvbuf_12000_sndbuf_16000_run1.csv
140000,12000,24000,16000,32000,2,1399860,1399860,0,138,9.858128670009858e-05,0.007062767693197892,0.006315,0.009315,0.009723,1.534755,0,0,0,ok,C:\tmp\adaptive-udp-link-issue-131-highrate\data\socket_buffer_txrx_highrate\rate_140000_rcvbuf_12000_sndbuf_16000_run2.csv
140000,12000,24000,16000,32000,3,1399833,1399833,0,165,0.00011787120320781121,0.007407047217060893,0.007796,0.008074,0.009037,1.687792,0,0,0,ok,C:\tmp\adaptive-udp-link-issue-131-highrate\data\socket_buffer_txrx_highrate\rate_140000_rcvbuf_12000_sndbuf_16000_run3.csv
140000,12000,24000,2000,4608,1,1396734,1396734,0,3264,0.002336880179046261,0.008349138788774383,0.006297,0.009296,0.017037,23.839454,0,0,0,ok,C:\tmp\adaptive-udp-link-issue-131-highrate\data\socket_buffer_txrx_highrate\rate_140000_rcvbuf_12000_sndbuf_2000_run1.csv
140000,12000,24000,2000,4608,2,1399821,1399821,0,177,0.00012644473829153871,0.006472318505723232,0.006278,0.006482,0.008741,1.408533,0,0,0,ok,C:\tmp\adaptive-udp-link-issue-131-highrate\data\socket_buffer_txrx_highrate\rate_140000_rcvbuf_12000_sndbuf_2000_run2.csv
140000,12000,24000,2000,4608,3,1399755,1399755,0,243,0.00017360180888798397,0.006955758888519776,0.006315,0.009426,0.009834,2.253031,0,0,0,ok,C:\tmp\adaptive-udp-link-issue-131-highrate\data\socket_buffer_txrx_highrate\rate_140000_rcvbuf_12000_sndbuf_2000_run3.csv
140000,12000,24000,4000,8000,1,1365702,1365702,0,34296,0.02511235979737893,0.02271371516406947,0.009259,0.009889,0.014018,245.459104,0,0,0,ok,C:\tmp\adaptive-udp-link-issue-131-highrate\data\socket_buffer_txrx_highrate\rate_140000_rcvbuf_12000_sndbuf_4000_run1.csv
140000,12000,24000,4000,8000,2,1399131,1399131,0,864,0.0006175261644549367,0.007300887777484739,0.006333,0.00663,0.009716599999999161,7.135037,0,0,0,ok,C:\tmp\adaptive-udp-link-issue-131-highrate\data\socket_buffer_txrx_highrate\rate_140000_rcvbuf_12000_sndbuf_4000_run2.csv
140000,12000,24000,4000,8000,3,1399578,1399578,0,420,0.0003000904558374024,0.007981445094164099,0.007797,0.008018,0.008277,3.510824,0,0,0,ok,C:\tmp\adaptive-udp-link-issue-131-highrate\data\socket_buffer_txrx_highrate\rate_140000_rcvbuf_12000_sndbuf_4000_run3.csv
140000,12000,24000,8000,16000,1,1398033,1398033,0,1965,0.0014055462210119504,0.008034609530676315,0.007723,0.008037,0.008222,14.55574,0,0,0,ok,C:\tmp\adaptive-udp-link-issue-131-highrate\data\socket_buffer_txrx_highrate\rate_140000_rcvbuf_12000_sndbuf_8000_run1.csv
140000,12000,24000,8000,16000,2,1399998,1399998,0,0,0.0,0.0071556885802694,0.006352,0.009555000000000001,0.010075,0.338092,0,0,0,ok,C:\tmp\adaptive-udp-link-issue-131-highrate\data\socket_buffer_txrx_highrate\rate_140000_rcvbuf_12000_sndbuf_8000_run2.csv
140000,12000,24000,8000,16000,3,1399842,1399842,0,156,0.00011144114835817185,0.006427297552152314,0.006278,0.006519,0.009019,1.625996,0,0,0,ok,C:\tmp\adaptive-udp-link-issue-131-highrate\data\socket_buffer_txrx_highrate\rate_140000_rcvbuf_12000_sndbuf_8000_run3.csv
140000,16000,32000,10000,20000,1,1399758,1399758,0,240,0.00017145820920473395,0.007437134776868573,0.006352,0.00963,0.014332999999999999,2.01794,0,0,0,ok,C:\tmp\adaptive-udp-link-issue-131-highrate\data\socket_buffer_txrx_highrate\rate_140000_rcvbuf_16000_sndbuf_10000_run1.csv
140000,16000,32000,10000,20000,2,1383402,1383402,0,16596,0.011996512944176746,0.016363040463292667,0.006315,0.009574,0.016629,115.214016,0,0,0,ok,C:\tmp\adaptive-udp-link-issue-131-highrate\data\socket_buffer_txrx_highrate\rate_140000_rcvbuf_16000_sndbuf_10000_run2.csv
140000,16000,32000,10000,20000,3,1399230,1399230,0,768,0.0005488733088913188,0.011086065206577903,0.006462,0.009796,0.015093000000000002,30.261797,0,0,0,ok,C:\tmp\adaptive-udp-link-issue-131-highrate\data\socket_buffer_txrx_highrate\rate_140000_rcvbuf_16000_sndbuf_10000_run3.csv
140000,16000,32000,12000,24000,1,1399998,1399998,0,0,0.0,0.007629772072531532,0.006444,0.009537,0.011352,1.469904,0,0,0,ok,C:\tmp\adaptive-udp-link-issue-131-highrate\data\socket_buffer_txrx_highrate\rate_140000_rcvbuf_16000_sndbuf_12000_run1.csv
140000,16000,32000,12000,24000,2,1399395,1399395,0,603,0.000430900496285895,0.012253650417501849,0.009092,0.009889,0.048315,4.072731,0,0,0,ok,C:\tmp\adaptive-udp-link-issue-131-highrate\data\socket_buffer_txrx_highrate\rate_140000_rcvbuf_16000_sndbuf_12000_run2.csv
140000,16000,32000,12000,24000,3,1395153,1395153,0,4845,0.0034727373986939065,0.020087563576898018,0.006333,0.009722,0.036871,159.46908,0,0,0,ok,C:\tmp\adaptive-udp-link-issue-131-highrate\data\socket_buffer_txrx_highrate\rate_140000_rcvbuf_16000_sndbuf_12000_run3.csv
140000,16000,32000,16000,32000,1,1399998,1399998,0,0,0.0,0.008526925829179756,0.006445,0.009704,0.025519,1.195423,0,0,0,ok,C:\tmp\adaptive-udp-link-issue-131-highrate\data\socket_buffer_txrx_highrate\rate_140000_rcvbuf_16000_sndbuf_16000_run1.csv
140000,16000,32000,16000,32000,2,1398648,1398648,0,1329,0.000950203339224737,0.009325814577363282,0.008889,0.00963,0.014518,5.742709,0,0,0,ok,C:\tmp\adaptive-udp-link-issue-131-highrate\data\socket_buffer_txrx_highrate\rate_140000_rcvbuf_16000_sndbuf_16000_run2.csv
140000,16000,32000,16000,32000,3,1384554,1384554,0,15444,0.01115449451592354,0.01580349522662171,0.006389,0.009593,0.012889,108.036632,0,0,0,ok,C:\tmp\adaptive-udp-link-issue-131-highrate\data\socket_buffer_txrx_highrate\rate_140000_rcvbuf_16000_sndbuf_16000_run3.csv
140000,16000,32000,2000,4608,1,1374555,1374555,0,25443,0.01850999050601831,0.020272460283509937,0.006333,0.009315,0.009778,178.034535,0,0,0,ok,C:\tmp\adaptive-udp-link-issue-131-highrate\data\socket_buffer_txrx_highrate\rate_140000_rcvbuf_16000_sndbuf_2000_run1.csv
140000,16000,32000,2000,4608,2,1399992,1399992,0,6,4.285738775650147e-06,0.008533784521625837,0.006296,0.009518,0.011871,18.70849,0,0,0,ok,C:\tmp\adaptive-udp-link-issue-131-highrate\data\socket_buffer_txrx_highrate\rate_140000_rcvbuf_16000_sndbuf_2000_run2.csv
140000,16000,32000,2000,4608,3,1399998,1399998,0,0,0.0,0.007387199215284593,0.006315,0.009482,0.011574,0.240388,0,0,0,ok,C:\tmp\adaptive-udp-link-issue-131-highrate\data\socket_buffer_txrx_highrate\rate_140000_rcvbuf_16000_sndbuf_2000_run3.csv
140000,16000,32000,4000,8000,1,1399452,1399452,0,546,0.00039015271692062324,0.00712493373834901,0.006296,0.009408,0.011444,4.57823,0,0,0,ok,C:\tmp\adaptive-udp-link-issue-131-highrate\data\socket_buffer_txrx_highrate\rate_140000_rcvbuf_16000_sndbuf_4000_run1.csv
140000,16000,32000,4000,8000,2,1376181,1376181,0,23817,0.01730658975817861,0.04235085147375236,0.009185,0.033259,0.052444,409.680802,0,0,0,ok,C:\tmp\adaptive-udp-link-issue-131-highrate\data\socket_buffer_txrx_highrate\rate_140000_rcvbuf_16000_sndbuf_4000_run2.csv
140000,16000,32000,4000,8000,3,1399524,1399524,0,474,0.0003386865820093117,0.007896199677175954,0.006389,0.009482,0.014944,1.986588,0,0,0,ok,C:\tmp\adaptive-udp-link-issue-131-highrate\data\socket_buffer_txrx_highrate\rate_140000_rcvbuf_16000_sndbuf_4000_run3.csv
140000,16000,32000,8000,16000,1,1398438,1398438,0,1557,0.0011133850767785201,0.010781308092314425,0.006426,0.009741,0.064018,5.223746,0,0,0,ok,C:\tmp\adaptive-udp-link-issue-131-highrate\data\socket_buffer_txrx_highrate\rate_140000_rcvbuf_16000_sndbuf_8000_run1.csv
140000,16000,32000,8000,16000,2,1375866,1375866,0,24132,0.017539498759326852,0.02437742139060054,0.009259,0.009945,0.018481,204.305703,0,0,0,ok,C:\tmp\adaptive-udp-link-issue-131-highrate\data\socket_buffer_txrx_highrate\rate_140000_rcvbuf_16000_sndbuf_8000_run2.csv
140000,16000,32000,8000,16000,3,1399308,1399308,0,690,0.0004931008755756417,0.00852626711917605,0.009,0.00963,0.013889,4.091805,0,0,0,ok,C:\tmp\adaptive-udp-link-issue-131-highrate\data\socket_buffer_txrx_highrate\rate_140000_rcvbuf_16000_sndbuf_8000_run3.csv
140000,16000,32000,default,default,1,1399548,1399548,0,450,0.00032153238045426095,0.007602837801918905,0.006315,0.0095,0.010963,3.174197,0,0,0,ok,C:\tmp\adaptive-udp-link-issue-131-highrate\data\socket_buffer_txrx_highrate\rate_140000_rcvbuf_16000_sndbuf_default_run1.csv
140000,16000,32000,default,default,2,1369698,1369698,0,30300,0.022121664775738886,0.06684813697252971,0.006315,0.009666,0.049667,793.714562,0,0,0,ok,C:\tmp\adaptive-udp-link-issue-131-highrate\data\socket_buffer_txrx_highrate\rate_140000_rcvbuf_16000_sndbuf_default_run2.csv
140000,16000,32000,default,default,3,1386945,1386945,0,13053,0.00941133210040773,0.014703965951786122,0.006426,0.009649,0.014055,93.783557,0,0,0,ok,C:\tmp\adaptive-udp-link-issue-131-highrate\data\socket_buffer_txrx_highrate\rate_140000_rcvbuf_16000_sndbuf_default_run3.csv
140000,2000,4000,default,default,1,1377027,1377027,0,22971,0.016681590121326598,0.010529148317353255,0.006334,0.009537,0.010092,307.265851,0,0,0,ok,C:\tmp\adaptive-udp-link-issue-131-highrate\data\socket_buffer_txrx_highrate\rate_140000_rcvbuf_2000_sndbuf_default_run1.csv
140000,2000,4000,default,default,2,1399941,1399941,0,57,4.0716001602924697e-05,0.008074857802578822,0.007889,0.009703,0.013611,1.95731,0,0,0,ok,C:\tmp\adaptive-udp-link-issue-131-highrate\data\socket_buffer_txrx_highrate\rate_140000_rcvbuf_2000_sndbuf_default_run2.csv
140000,2000,4000,default,default,3,1399338,1399338,0,660,0.0004716515952543274,0.00802294521552334,0.007851,0.009612,0.012722,1.72257,0,0,0,ok,C:\tmp\adaptive-udp-link-issue-131-highrate\data\socket_buffer_txrx_highrate\rate_140000_rcvbuf_2000_sndbuf_default_run3.csv
140000,32000,64000,default,default,1,1399308,1399308,0,690,0.0004931008755756417,0.010223310705005616,0.006389,0.009592,0.015685,20.81227,0,0,0,ok,C:\tmp\adaptive-udp-link-issue-131-highrate\data\socket_buffer_txrx_highrate\rate_140000_rcvbuf_32000_sndbuf_default_run1.csv
140000,32000,64000,default,default,2,1398468,1398468,0,1530,0.0010940543509039891,0.009394337614446666,0.006408,0.009593,0.015148,8.086575,0,0,0,ok,C:\tmp\adaptive-udp-link-issue-131-highrate\data\socket_buffer_txrx_highrate\rate_140000_rcvbuf_32000_sndbuf_default_run2.csv
140000,32000,64000,default,default,3,1399485,1399485,0,84,6.002207955069186e-05,0.007229279572128319,0.006333,0.009463,0.010203999999999998,1.963089,0,0,0,ok,C:\tmp\adaptive-udp-link-issue-131-highrate\data\socket_buffer_txrx_highrate\rate_140000_rcvbuf_32000_sndbuf_default_run3.csv
140000,4000,8000,default,default,1,1397265,1397265,0,2733,0.001955963972474799,0.008144459861944585,0.006426,0.009685,0.013574,18.997255,0,0,0,ok,C:\tmp\adaptive-udp-link-issue-131-highrate\data\socket_buffer_txrx_highrate\rate_140000_rcvbuf_4000_sndbuf_default_run1.csv
140000,4000,8000,default,default,2,1398816,1398816,0,1182,0.0008450003431473475,0.008953758164762198,0.006278,0.00963,0.04144130000000167,26.921886,0,0,0,ok,C:\tmp\adaptive-udp-link-issue-131-highrate\data\socket_buffer_txrx_highrate\rate_140000_rcvbuf_4000_sndbuf_default_run2.csv
140000,4000,8000,default,default,3,1398975,1398975,0,1023,0.0007312496649332547,0.007028515925588377,0.006315,0.009444,0.009888,4.005972,0,0,0,ok,C:\tmp\adaptive-udp-link-issue-131-highrate\data\socket_buffer_txrx_highrate\rate_140000_rcvbuf_4000_sndbuf_default_run3.csv
140000,8000,16000,10000,20000,1,1399881,1399881,0,117,8.357853274671204e-05,0.0065020351051267924,0.006278,0.00787,0.008148,1.183367,0,0,0,ok,C:\tmp\adaptive-udp-link-issue-131-highrate\data\socket_buffer_txrx_highrate\rate_140000_rcvbuf_8000_sndbuf_10000_run1.csv
140000,8000,16000,10000,20000,2,1399944,1399944,0,54,3.857297149028818e-05,0.007207454194596355,0.007685,0.007982,0.008167,0.728628,0,0,0,ok,C:\tmp\adaptive-udp-link-issue-131-highrate\data\socket_buffer_txrx_highrate\rate_140000_rcvbuf_8000_sndbuf_10000_run2.csv
140000,8000,16000,10000,20000,3,1342563,1342563,0,57435,0.0427801153465424,0.05465007129050928,0.00637,0.008056,0.012222,1255.875294,0,0,0,ok,C:\tmp\adaptive-udp-link-issue-131-highrate\data\socket_buffer_txrx_highrate\rate_140000_rcvbuf_8000_sndbuf_10000_run3.csv
140000,8000,16000,12000,24000,1,1399374,1399374,0,624,0.00044591367282799307,0.007464329682415137,0.006389,0.009482,0.011574,3.723693,0,0,0,ok,C:\tmp\adaptive-udp-link-issue-131-highrate\data\socket_buffer_txrx_highrate\rate_140000_rcvbuf_8000_sndbuf_12000_run1.csv
140000,8000,16000,12000,24000,2,1399959,1399959,0,39,2.785795869736185e-05,0.007114432496951696,0.007018,0.008037,0.00863,0.522369,0,0,0,ok,C:\tmp\adaptive-udp-link-issue-131-highrate\data\socket_buffer_txrx_highrate\rate_140000_rcvbuf_8000_sndbuf_12000_run2.csv
140000,8000,16000,12000,24000,3,1399653,1399653,0,345,0.00024648966565284395,0.0074614171291027135,0.006389,0.009482,0.011241,2.809585,0,0,0,ok,C:\tmp\adaptive-udp-link-issue-131-highrate\data\socket_buffer_txrx_highrate\rate_140000_rcvbuf_8000_sndbuf_12000_run3.csv
140000,8000,16000,16000,32000,1,1388085,1388085,0,11913,0.008582327451128713,0.011136398480640596,0.007759,0.009556,0.017518,85.424301,0,0,0,ok,C:\tmp\adaptive-udp-link-issue-131-highrate\data\socket_buffer_txrx_highrate\rate_140000_rcvbuf_8000_sndbuf_16000_run1.csv
140000,8000,16000,16000,32000,2,1399980,1399980,0,18,1.285732653323619e-05,0.007266231359019415,0.007759,0.008037,0.008204,0.418851,0,0,0,ok,C:\tmp\adaptive-udp-link-issue-131-highrate\data\socket_buffer_txrx_highrate\rate_140000_rcvbuf_8000_sndbuf_16000_run2.csv
140000,8000,16000,16000,32000,3,1399305,1399305,0,642,0.00045879918959769315,0.007007038674198977,0.006297,0.009167,0.009574,4.875542,0,0,0,ok,C:\tmp\adaptive-udp-link-issue-131-highrate\data\socket_buffer_txrx_highrate\rate_140000_rcvbuf_8000_sndbuf_16000_run3.csv
140000,8000,16000,2000,4608,1,1399782,1399782,0,216,0.00015430974251704908,0.006410376931550769,0.006297,0.0065,0.009482,1.875124,0,0,0,ok,C:\tmp\adaptive-udp-link-issue-131-highrate\data\socket_buffer_txrx_highrate\rate_140000_rcvbuf_8000_sndbuf_2000_run1.csv
140000,8000,16000,2000,4608,2,1399998,1399998,0,0,0.0,0.006820299644713778,0.006278,0.009297,0.01076,0.10324,0,0,0,ok,C:\tmp\adaptive-udp-link-issue-131-highrate\data\socket_buffer_txrx_highrate\rate_140000_rcvbuf_8000_sndbuf_2000_run2.csv
140000,8000,16000,2000,4608,3,1399794,1399794,0,204,0.0001457357296859395,0.009060491470173468,0.009129,0.009834,0.016704,1.696531,0,0,0,ok,C:\tmp\adaptive-udp-link-issue-131-highrate\data\socket_buffer_txrx_highrate\rate_140000_rcvbuf_8000_sndbuf_2000_run3.csv
140000,8000,16000,4000,8000,1,1399950,1399950,0,48,3.428693881924355e-05,0.008362919584270866,0.008963,0.009518,0.011482,0.684128,0,0,0,ok,C:\tmp\adaptive-udp-link-issue-131-highrate\data\socket_buffer_txrx_highrate\rate_140000_rcvbuf_8000_sndbuf_4000_run1.csv
140000,8000,16000,4000,8000,2,1399950,1399950,0,48,3.428693881924355e-05,0.006389467821707919,0.006296,0.006555,0.009223,0.687424,0,0,0,ok,C:\tmp\adaptive-udp-link-issue-131-highrate\data\socket_buffer_txrx_highrate\rate_140000_rcvbuf_8000_sndbuf_4000_run2.csv
140000,8000,16000,4000,8000,3,1398420,1398420,0,1578,0.0011284163556013215,0.008152076743038571,0.006482,0.009555,0.012092,11.615373,0,0,0,ok,C:\tmp\adaptive-udp-link-issue-131-highrate\data\socket_buffer_txrx_highrate\rate_140000_rcvbuf_8000_sndbuf_4000_run3.csv
140000,8000,16000,8000,16000,1,1399734,1399734,0,264,0.00018860726395157938,0.007121839323757228,0.006333,0.009408,0.015105059999998659,2.150049,0,0,0,ok,C:\tmp\adaptive-udp-link-issue-131-highrate\data\socket_buffer_txrx_highrate\rate_140000_rcvbuf_8000_sndbuf_8000_run1.csv
140000,8000,16000,8000,16000,2,1398798,1398798,0,1155,0.0008257089300956964,0.007238280979097768,0.006352,0.008296,0.010611,8.241883,0,0,0,ok,C:\tmp\adaptive-udp-link-issue-131-highrate\data\socket_buffer_txrx_highrate\rate_140000_rcvbuf_8000_sndbuf_8000_run2.csv
140000,8000,16000,8000,16000,3,1396233,1396233,0,3765,0.002696541336582075,0.008964495061354372,0.006388,0.009648,0.016407,27.009219,0,0,0,ok,C:\tmp\adaptive-udp-link-issue-131-highrate\data\socket_buffer_txrx_highrate\rate_140000_rcvbuf_8000_sndbuf_8000_run3.csv
140000,8000,16000,default,default,1,1399752,1399752,0,246,0.00017574541775971744,0.00873380386168407,0.008963,0.009741,0.0215,1.971348,0,0,0,ok,C:\tmp\adaptive-udp-link-issue-131-highrate\data\socket_buffer_txrx_highrate\rate_140000_rcvbuf_8000_sndbuf_default_run1.csv
140000,8000,16000,default,default,2,1399905,1399905,0,39,2.7859033291544782e-05,0.007419681172651001,0.006334,0.009574,0.011963,3.17153,0,0,0,ok,C:\tmp\adaptive-udp-link-issue-131-highrate\data\socket_buffer_txrx_highrate\rate_140000_rcvbuf_8000_sndbuf_default_run2.csv
140000,8000,16000,default,default,3,1399296,1399296,0,702,0.0005016808452250275,0.010500701952267426,0.009148,0.009926,0.05537,0.99522,0,0,0,ok,C:\tmp\adaptive-udp-link-issue-131-highrate\data\socket_buffer_txrx_highrate\rate_140000_rcvbuf_8000_sndbuf_default_run3.csv
180000,100000,200000,default,default,1,1789944,1789944,0,10050,0.005614700795108674,0.026827840043040452,0.006333,0.006537000000000001,0.007926,59.063473,0,0,0,ok,C:\tmp\adaptive-udp-link-issue-131-highrate\data\socket_buffer_txrx_highrate\rate_180000_rcvbuf_100000_sndbuf_default_run1.csv
180000,100000,200000,default,default,2,1799661,1799661,0,333,0.00018503484822974994,0.010843972268110494,0.006315,0.012963,0.032926,4.129937,0,0,0,ok,C:\tmp\adaptive-udp-link-issue-131-highrate\data\socket_buffer_txrx_highrate\rate_180000_rcvbuf_100000_sndbuf_default_run2.csv
180000,100000,200000,default,default,3,1796574,1796574,0,3420,0.0019036232295469042,0.021021041308624082,0.008204,0.028704,0.114372,22.409159,0,0,0,ok,C:\tmp\adaptive-udp-link-issue-131-highrate\data\socket_buffer_txrx_highrate\rate_180000_rcvbuf_100000_sndbuf_default_run3.csv
180000,12000,24000,10000,20000,1,1795533,1795533,0,4461,0.002484499031763827,0.011583933698795845,0.006371,0.025204,0.094462,17.820571,0,0,0,ok,C:\tmp\adaptive-udp-link-issue-131-highrate\data\socket_buffer_txrx_highrate\rate_180000_rcvbuf_12000_sndbuf_10000_run1.csv
180000,12000,24000,10000,20000,2,1799868,1799868,0,126,7.000513370980539e-05,0.008125090948336211,0.006333,0.013203,0.037185,0.894276,0,0,0,ok,C:\tmp\adaptive-udp-link-issue-131-highrate\data\socket_buffer_txrx_highrate\rate_180000_rcvbuf_12000_sndbuf_10000_run2.csv
180000,12000,24000,10000,20000,3,1799823,1799823,0,171,9.500934258535422e-05,0.008042194552464325,0.006278,0.012222,0.060019,1.276645,0,0,0,ok,C:\tmp\adaptive-udp-link-issue-131-highrate\data\socket_buffer_txrx_highrate\rate_180000_rcvbuf_12000_sndbuf_10000_run3.csv
180000,12000,24000,12000,24000,1,1799994,1799994,0,0,0.0,0.015437284737615792,0.011185,0.040963,0.11355726000000119,0.547147,0,0,0,ok,C:\tmp\adaptive-udp-link-issue-131-highrate\data\socket_buffer_txrx_highrate\rate_180000_rcvbuf_12000_sndbuf_12000_run1.csv
180000,12000,24000,12000,24000,2,1798800,1798800,0,1194,0.0006637758505670447,0.017014636109072716,0.011,0.041778,0.162592,5.049211,0,0,0,ok,C:\tmp\adaptive-udp-link-issue-131-highrate\data\socket_buffer_txrx_highrate\rate_180000_rcvbuf_12000_sndbuf_12000_run2.csv
180000,12000,24000,12000,24000,3,1795230,1795230,0,4764,0.002653698968934343,0.013814403071472735,0.008926,0.027093,0.12320400000000001,19.236753,0,0,0,ok,C:\tmp\adaptive-udp-link-issue-131-highrate\data\socket_buffer_txrx_highrate\rate_180000_rcvbuf_12000_sndbuf_12000_run3.csv
180000,12000,24000,16000,32000,1,1798803,1798803,0,1191,0.0006621069678002539,0.006913754665185682,0.006315,0.008593,0.011889,6.200912,0,0,0,ok,C:\tmp\adaptive-udp-link-issue-131-highrate\data\socket_buffer_txrx_highrate\rate_180000_rcvbuf_12000_sndbuf_16000_run1.csv
180000,12000,24000,16000,32000,2,1798677,1798677,0,1317,0.0007322048372220249,0.010176252308780286,0.00637,0.023852,0.07613,2.774309,0,0,0,ok,C:\tmp\adaptive-udp-link-issue-131-highrate\data\socket_buffer_txrx_highrate\rate_180000_rcvbuf_12000_sndbuf_16000_run2.csv
180000,12000,24000,16000,32000,3,1794063,1794063,0,5931,0.003305903973271842,0.011094137486810663,0.00887,0.012148,0.04887,32.120039,0,0,0,ok,C:\tmp\adaptive-udp-link-issue-131-highrate\data\socket_buffer_txrx_highrate\rate_180000_rcvbuf_12000_sndbuf_16000_run3.csv
180000,12000,24000,2000,4608,1,1798785,1798785,0,1209,0.0006721203479015002,0.013562124639131413,0.010389,0.029037,0.098,4.076268,0,0,0,ok,C:\tmp\adaptive-udp-link-issue-131-highrate\data\socket_buffer_txrx_highrate\rate_180000_rcvbuf_12000_sndbuf_2000_run1.csv
180000,12000,24000,2000,4608,2,1796025,1796025,0,3969,0.0022098801520023387,0.009729801351317492,0.006333,0.014166,0.030111,22.319227,0,0,0,ok,C:\tmp\adaptive-udp-link-issue-131-highrate\data\socket_buffer_txrx_highrate\rate_180000_rcvbuf_12000_sndbuf_2000_run2.csv
180000,12000,24000,2000,4608,3,1798401,1798401,0,1593,0.000885786874006409,0.008568329429309704,0.006352,0.012537,0.027945,4.186064,0,0,0,ok,C:\tmp\adaptive-udp-link-issue-131-highrate\data\socket_buffer_txrx_highrate\rate_180000_rcvbuf_12000_sndbuf_2000_run3.csv
180000,12000,24000,4000,8000,1,1799034,1799034,0,897,0.000498600915824826,0.007867534523527626,0.006259,0.012482,0.02654905999999866,5.055581,0,0,0,ok,C:\tmp\adaptive-udp-link-issue-131-highrate\data\socket_buffer_txrx_highrate\rate_180000_rcvbuf_12000_sndbuf_4000_run1.csv
180000,12000,24000,4000,8000,2,1796556,1796556,0,3438,0.0019136614722836361,0.008779551029302732,0.006297,0.012963,0.029667,15.432057,0,0,0,ok,C:\tmp\adaptive-udp-link-issue-131-highrate\data\socket_buffer_txrx_highrate\rate_180000_rcvbuf_12000_sndbuf_4000_run2.csv
180000,12000,24000,4000,8000,3,1799226,1799226,0,768,0.00042685021225793757,0.017000818995501397,0.009797,0.045186,0.162981,1.817255,0,0,0,ok,C:\tmp\adaptive-udp-link-issue-131-highrate\data\socket_buffer_txrx_highrate\rate_180000_rcvbuf_12000_sndbuf_4000_run3.csv
180000,12000,24000,8000,16000,1,1760436,1760436,0,39558,0.022470569790665494,0.019410386265107053,0.006334,0.023407,0.080389,220.011002,0,0,0,ok,C:\tmp\adaptive-udp-link-issue-131-highrate\data\socket_buffer_txrx_highrate\rate_180000_rcvbuf_12000_sndbuf_8000_run1.csv
180000,12000,24000,8000,16000,2,1798497,1798497,0,1497,0.0008323616886767117,0.008534642001070894,0.006297,0.013,0.042,4.075305,0,0,0,ok,C:\tmp\adaptive-udp-link-issue-131-highrate\data\socket_buffer_txrx_highrate\rate_180000_rcvbuf_12000_sndbuf_8000_run2.csv
180000,12000,24000,8000,16000,3,1799130,1799130,0,813,0.00045188507778759734,0.00910140993980424,0.006333,0.013889,0.04537,4.984748,0,0,0,ok,C:\tmp\adaptive-udp-link-issue-131-highrate\data\socket_buffer_txrx_highrate\rate_180000_rcvbuf_12000_sndbuf_8000_run3.csv
180000,16000,32000,10000,20000,1,1799748,1799748,0,246,0.00013668580267904172,0.007661482005814148,0.006315,0.010982,0.016407,1.874773,0,0,0,ok,C:\tmp\adaptive-udp-link-issue-131-highrate\data\socket_buffer_txrx_highrate\rate_180000_rcvbuf_16000_sndbuf_10000_run1.csv
180000,16000,32000,10000,20000,2,1799226,1799226,0,738,0.0004101763758416119,0.007886006966328855,0.00626,0.0065,0.008667,23.004579,0,0,0,ok,C:\tmp\adaptive-udp-link-issue-131-highrate\data\socket_buffer_txrx_highrate\rate_180000_rcvbuf_16000_sndbuf_10000_run2.csv
180000,16000,32000,10000,20000,3,1799685,1799685,0,309,0.0001716967135915452,0.006487754988789705,0.006278,0.006481,0.009148,1.563478,0,0,0,ok,C:\tmp\adaptive-udp-link-issue-131-highrate\data\socket_buffer_txrx_highrate\rate_180000_rcvbuf_16000_sndbuf_10000_run3.csv
180000,16000,32000,12000,24000,1,1799601,1799601,0,393,0.00021838174128598506,0.006546696294345246,0.006333,0.006519,0.007796,1.869922,0,0,0,ok,C:\tmp\adaptive-udp-link-issue-131-highrate\data\socket_buffer_txrx_highrate\rate_180000_rcvbuf_16000_sndbuf_12000_run1.csv
180000,16000,32000,12000,24000,2,1798473,1798473,0,1521,0.0008457174503036743,0.00726118578594174,0.006278,0.0065,0.011519,4.271805,0,0,0,ok,C:\tmp\adaptive-udp-link-issue-131-highrate\data\socket_buffer_txrx_highrate\rate_180000_rcvbuf_16000_sndbuf_12000_run2.csv
180000,16000,32000,12000,24000,3,1799865,1799865,0,129,7.16720420698219e-05,0.009778922355843355,0.00787,0.013574,0.05724,1.271535,0,0,0,ok,C:\tmp\adaptive-udp-link-issue-131-highrate\data\socket_buffer_txrx_highrate\rate_180000_rcvbuf_16000_sndbuf_12000_run3.csv
180000,16000,32000,16000,32000,1,1799964,1799964,0,30,1.66670000066668e-05,0.015466802799389322,0.009704,0.040593,0.1425060299999977,0.494739,0,0,0,ok,C:\tmp\adaptive-udp-link-issue-131-highrate\data\socket_buffer_txrx_highrate\rate_180000_rcvbuf_16000_sndbuf_16000_run1.csv
180000,16000,32000,16000,32000,2,1798557,1798557,0,1437,0.000798973844031632,0.00692040755172063,0.006296,0.0065,0.008574,8.259574,0,0,0,ok,C:\tmp\adaptive-udp-link-issue-131-highrate\data\socket_buffer_txrx_highrate\rate_180000_rcvbuf_16000_sndbuf_16000_run2.csv
180000,16000,32000,16000,32000,3,1799697,1799697,0,297,0.0001650277796762455,0.006505234084404208,0.006278,0.006481,0.008908,23.803522,0,0,0,ok,C:\tmp\adaptive-udp-link-issue-131-highrate\data\socket_buffer_txrx_highrate\rate_180000_rcvbuf_16000_sndbuf_16000_run3.csv
180000,16000,32000,2000,4608,1,1799208,1799208,0,786,0.00043685888457588003,0.011737945432657035,0.009204,0.027574,0.067907,4.141564,0,0,0,ok,C:\tmp\adaptive-udp-link-issue-131-highrate\data\socket_buffer_txrx_highrate\rate_180000_rcvbuf_16000_sndbuf_2000_run1.csv
180000,16000,32000,2000,4608,2,1760499,1760499,0,39495,0.022433980365794016,0.019679315771267126,0.006278,0.008481,0.013203,218.425939,0,0,0,ok,C:\tmp\adaptive-udp-link-issue-131-highrate\data\socket_buffer_txrx_highrate\rate_180000_rcvbuf_16000_sndbuf_2000_run2.csv
180000,16000,32000,2000,4608,3,1798788,1798788,0,1206,0.0006704514373011161,0.007729681230361777,0.00626,0.011388,0.021,4.17312,0,0,0,ok,C:\tmp\adaptive-udp-link-issue-131-highrate\data\socket_buffer_txrx_highrate\rate_180000_rcvbuf_16000_sndbuf_2000_run3.csv
180000,16000,32000,4000,8000,1,1799808,1799808,0,186,0.00010334435673138469,0.010424732599810646,0.006389,0.023296,0.095185,1.416349,0,0,0,ok,C:\tmp\adaptive-udp-link-issue-131-highrate\data\socket_buffer_txrx_highrate\rate_180000_rcvbuf_16000_sndbuf_4000_run1.csv
180000,16000,32000,4000,8000,2,1799484,1799484,0,510,0.0002834145788459358,0.008208039673039605,0.006315,0.012204,0.052055,3.089882,0,0,0,ok,C:\tmp\adaptive-udp-link-issue-131-highrate\data\socket_buffer_txrx_highrate\rate_180000_rcvbuf_16000_sndbuf_4000_run2.csv
180000,16000,32000,4000,8000,3,1799799,1799799,0,195,0.0001083454319065629,0.006454901607346153,0.006296,0.0065,0.008445,3.4464,0,0,0,ok,C:\tmp\adaptive-udp-link-issue-131-highrate\data\socket_buffer_txrx_highrate\rate_180000_rcvbuf_16000_sndbuf_4000_run3.csv
180000,16000,32000,8000,16000,1,1765827,1765827,0,34167,0.019349007575487295,0.0177761668543974,0.006278,0.008648,0.011518,186.501439,0,0,0,ok,C:\tmp\adaptive-udp-link-issue-131-highrate\data\socket_buffer_txrx_highrate\rate_180000_rcvbuf_16000_sndbuf_8000_run1.csv
180000,16000,32000,8000,16000,2,1799994,1799994,0,0,0.0,0.006322297509325031,0.00626,0.006463,0.008352,0.111148,0,0,0,ok,C:\tmp\adaptive-udp-link-issue-131-highrate\data\socket_buffer_txrx_highrate\rate_180000_rcvbuf_16000_sndbuf_8000_run2.csv
180000,16000,32000,8000,16000,3,1797369,1797369,0,2625,0.0014604680508009207,0.00852785135940366,0.006315,0.01113,0.027000000000000003,15.165189,0,0,0,ok,C:\tmp\adaptive-udp-link-issue-131-highrate\data\socket_buffer_txrx_highrate\rate_180000_rcvbuf_16000_sndbuf_8000_run3.csv
180000,16000,32000,default,default,1,1798872,1798872,0,1110,0.0006170533534348192,0.007100981631822609,0.006315,0.006629,0.00913,5.140552,0,0,0,ok,C:\tmp\adaptive-udp-link-issue-131-highrate\data\socket_buffer_txrx_highrate\rate_180000_rcvbuf_16000_sndbuf_default_run1.csv
180000,16000,32000,default,default,2,1797963,1797963,0,2031,0.0011296116772147146,0.009558451497611463,0.006334,0.013648,0.077686,11.199611,0,0,0,ok,C:\tmp\adaptive-udp-link-issue-131-highrate\data\socket_buffer_txrx_highrate\rate_180000_rcvbuf_16000_sndbuf_default_run2.csv
180000,16000,32000,default,default,3,1799355,1799355,0,639,0.0003551272539326592,0.012883361179422627,0.010778,0.027890000000000005,0.073945,4.058886,0,0,0,ok,C:\tmp\adaptive-udp-link-issue-131-highrate\data\socket_buffer_txrx_highrate\rate_180000_rcvbuf_16000_sndbuf_default_run3.csv
180000,2000,4000,default,default,1,1799622,1799622,0,372,0.000206710075782581,0.0074838827620466964,0.006315,0.012,0.026963,4.093602,0,0,0,ok,C:\tmp\adaptive-udp-link-issue-131-highrate\data\socket_buffer_txrx_highrate\rate_180000_rcvbuf_2000_sndbuf_default_run1.csv
180000,2000,4000,default,default,2,1799718,1799718,0,276,0.00015335735931962675,0.010639395797008197,0.009222,0.025592,0.041259,0.435573,0,0,0,ok,C:\tmp\adaptive-udp-link-issue-131-highrate\data\socket_buffer_txrx_highrate\rate_180000_rcvbuf_2000_sndbuf_default_run2.csv
180000,2000,4000,default,default,3,1756707,1756707,0,43287,0.024640990216353666,0.011230838090814235,0.008871,0.01213,0.030666,225.113478,0,0,0,ok,C:\tmp\adaptive-udp-link-issue-131-highrate\data\socket_buffer_txrx_highrate\rate_180000_rcvbuf_2000_sndbuf_default_run3.csv
180000,32000,64000,default,default,1,1752513,1752513,0,47481,0.027093094316561418,0.04731515662879534,0.006334,0.006852,0.010389,354.796074,0,0,0,ok,C:\tmp\adaptive-udp-link-issue-131-highrate\data\socket_buffer_txrx_highrate\rate_180000_rcvbuf_32000_sndbuf_default_run1.csv
180000,32000,64000,default,default,2,1799052,1799052,0,942,0.0005236091007930843,0.009988294566805184,0.006389,0.015463,0.040241,4.123032,0,0,0,ok,C:\tmp\adaptive-udp-link-issue-131-highrate\data\socket_buffer_txrx_highrate\rate_180000_rcvbuf_32000_sndbuf_default_run2.csv
180000,32000,64000,default,default,3,1799634,1799634,0,360,0.00020004067493723725,0.008961688943418495,0.006352,0.012241,0.069131,2.953795,0,0,0,ok,C:\tmp\adaptive-udp-link-issue-131-highrate\data\socket_buffer_txrx_highrate\rate_180000_rcvbuf_32000_sndbuf_default_run3.csv
180000,4000,8000,default,default,1,1798257,1798257,0,1737,0.0009659353473947273,0.013112250639369123,0.009926,0.029889,0.088463,1.807848,0,0,0,ok,C:\tmp\adaptive-udp-link-issue-131-highrate\data\socket_buffer_txrx_highrate\rate_180000_rcvbuf_4000_sndbuf_default_run1.csv
180000,4000,8000,default,default,2,1797723,1797723,0,2175,0.001209863811054317,0.01172862998025836,0.008389,0.027815,0.092056,3.804788,0,0,0,ok,C:\tmp\adaptive-udp-link-issue-131-highrate\data\socket_buffer_txrx_highrate\rate_180000_rcvbuf_4000_sndbuf_default_run2.csv
180000,4000,8000,default,default,3,1798596,1798596,0,1398,0.0007772729395595231,0.007108728026193765,0.006259,0.010944,0.023425,4.125102,0,0,0,ok,C:\tmp\adaptive-udp-link-issue-131-highrate\data\socket_buffer_txrx_highrate\rate_180000_rcvbuf_4000_sndbuf_default_run3.csv
180000,8000,16000,10000,20000,1,1799418,1799418,0,576,0.00032010350013170923,0.009291626685961793,0.008556,0.011648,0.038889,3.193566,0,0,0,ok,C:\tmp\adaptive-udp-link-issue-131-highrate\data\socket_buffer_txrx_highrate\rate_180000_rcvbuf_8000_sndbuf_10000_run1.csv
180000,8000,16000,10000,20000,2,1799163,1799163,0,831,0.0004618814415369814,0.007245762657969289,0.006352,0.010388,0.01287,3.05603,0,0,0,ok,C:\tmp\adaptive-udp-link-issue-131-highrate\data\socket_buffer_txrx_highrate\rate_180000_rcvbuf_8000_sndbuf_10000_run2.csv
180000,8000,16000,10000,20000,3,1799283,1799283,0,711,0.0003951574043660725,0.008119390925718745,0.006315,0.010148,0.045815,3.975547,0,0,0,ok,C:\tmp\adaptive-udp-link-issue-131-highrate\data\socket_buffer_txrx_highrate\rate_180000_rcvbuf_8000_sndbuf_10000_run3.csv
180000,8000,16000,12000,24000,1,1799445,1799445,0,549,0.00030509407067179047,0.006744119255103658,0.006297,0.008889,0.011463,4.056379,0,0,0,ok,C:\tmp\adaptive-udp-link-issue-131-highrate\data\socket_buffer_txrx_highrate\rate_180000_rcvbuf_8000_sndbuf_12000_run1.csv
180000,8000,16000,12000,24000,2,1799682,1799682,0,312,0.0001733639609664374,0.007676995705908044,0.006333,0.012611,0.028573999999999995,1.47883,0,0,0,ok,C:\tmp\adaptive-udp-link-issue-131-highrate\data\socket_buffer_txrx_highrate\rate_180000_rcvbuf_8000_sndbuf_12000_run2.csv
180000,8000,16000,12000,24000,3,1799283,1799283,0,711,0.0003951574043660725,0.0065946443283241155,0.006333,0.006722,0.009537,2.852178,0,0,0,ok,C:\tmp\adaptive-udp-link-issue-131-highrate\data\socket_buffer_txrx_highrate\rate_180000_rcvbuf_8000_sndbuf_12000_run3.csv
180000,8000,16000,16000,32000,1,1799214,1799214,0,780,0.0004335226382186888,0.012980555599278352,0.00637,0.030315,0.124499,3.11766,0,0,0,ok,C:\tmp\adaptive-udp-link-issue-131-highrate\data\socket_buffer_txrx_highrate\rate_180000_rcvbuf_8000_sndbuf_16000_run1.csv
180000,8000,16000,16000,32000,2,1799460,1799460,0,534,0.00029675569337467907,0.006444995605348271,0.006278,0.006481,0.008148,1.869773,0,0,0,ok,C:\tmp\adaptive-udp-link-issue-131-highrate\data\socket_buffer_txrx_highrate\rate_180000_rcvbuf_8000_sndbuf_16000_run2.csv
180000,8000,16000,16000,32000,3,1779774,1779774,0,20220,0.011360993024957102,0.013025330748173644,0.006314,0.025481,0.062555,111.007338,0,0,0,ok,C:\tmp\adaptive-udp-link-issue-131-highrate\data\socket_buffer_txrx_highrate\rate_180000_rcvbuf_8000_sndbuf_16000_run3.csv
180000,8000,16000,2000,4608,1,1799607,1799607,0,387,0.0002150469519178354,0.00769061224033914,0.006315,0.009481,0.05887,1.789088,0,0,0,ok,C:\tmp\adaptive-udp-link-issue-131-highrate\data\socket_buffer_txrx_highrate\rate_180000_rcvbuf_8000_sndbuf_2000_run1.csv
180000,8000,16000,2000,4608,2,1797837,1797837,0,2157,0.0011997750630340792,0.006812212450294438,0.006259,0.007963,0.010018,7.713556,0,0,0,ok,C:\tmp\adaptive-udp-link-issue-131-highrate\data\socket_buffer_txrx_highrate\rate_180000_rcvbuf_8000_sndbuf_2000_run2.csv
180000,8000,16000,2000,4608,3,1789683,1789683,0,10311,0.005761355502622531,0.01153119071310394,0.006407,0.0165,0.060204,56.249256,0,0,0,ok,C:\tmp\adaptive-udp-link-issue-131-highrate\data\socket_buffer_txrx_highrate\rate_180000_rcvbuf_8000_sndbuf_2000_run3.csv
180000,8000,16000,4000,8000,1,1799748,1799748,0,246,0.00013668580267904172,0.006475533573033558,0.006278,0.0065,0.00774,40.072387,0,0,0,ok,C:\tmp\adaptive-udp-link-issue-131-highrate\data\socket_buffer_txrx_highrate\rate_180000_rcvbuf_8000_sndbuf_4000_run1.csv
180000,8000,16000,4000,8000,2,1798710,1798710,0,1284,0.0007138449221942392,0.006779960661807629,0.006296,0.0065,0.008889,4.079305,0,0,0,ok,C:\tmp\adaptive-udp-link-issue-131-highrate\data\socket_buffer_txrx_highrate\rate_180000_rcvbuf_8000_sndbuf_4000_run2.csv
180000,8000,16000,4000,8000,3,1799994,1799994,0,0,0.0,0.009659983276610922,0.008963,0.012371,0.04240833000000124,0.210555,0,0,0,ok,C:\tmp\adaptive-udp-link-issue-131-highrate\data\socket_buffer_txrx_highrate\rate_180000_rcvbuf_8000_sndbuf_4000_run3.csv
180000,8000,16000,8000,16000,1,1799250,1799250,0,744,0.000413505627344727,0.008490670065860776,0.006315,0.012074,0.025185,332.561573,0,0,0,ok,C:\tmp\adaptive-udp-link-issue-131-highrate\data\socket_buffer_txrx_highrate\rate_180000_rcvbuf_8000_sndbuf_8000_run1.csv
180000,8000,16000,8000,16000,2,1798929,1798929,0,1065,0.0005920189179228308,0.009559789418037066,0.008685,0.011889,0.044055,4.124472,0,0,0,ok,C:\tmp\adaptive-udp-link-issue-131-highrate\data\socket_buffer_txrx_highrate\rate_180000_rcvbuf_8000_sndbuf_8000_run2.csv
180000,8000,16000,8000,16000,3,1799412,1799412,0,582,0.00032343899007008955,0.00905519452521157,0.006259,0.013333,0.080111,2.809271,0,0,0,ok,C:\tmp\adaptive-udp-link-issue-131-highrate\data\socket_buffer_txrx_highrate\rate_180000_rcvbuf_8000_sndbuf_8000_run3.csv
180000,8000,16000,default,default,1,1799052,1799052,0,942,0.0005236091007930843,0.007900124545594012,0.006334,0.010629,0.03277748999999999,4.664101,0,0,0,ok,C:\tmp\adaptive-udp-link-issue-131-highrate\data\socket_buffer_txrx_highrate\rate_180000_rcvbuf_8000_sndbuf_default_run1.csv
180000,8000,16000,default,default,2,1789353,1789353,0,10641,0.0059468422385074386,0.008449594352260286,0.006278,0.007963,0.013704,51.652915,0,0,0,ok,C:\tmp\adaptive-udp-link-issue-131-highrate\data\socket_buffer_txrx_highrate\rate_180000_rcvbuf_8000_sndbuf_default_run2.csv
180000,8000,16000,default,default,3,1798875,1798875,0,1119,0.000622055451323744,0.006911421058161351,0.006278,0.009056,0.011371,2.293069,0,0,0,ok,C:\tmp\adaptive-udp-link-issue-131-highrate\data\socket_buffer_txrx_highrate\rate_180000_rcvbuf_8000_sndbuf_default_run3.csv
200000,100000,200000,default,default,1,1999995,1999995,0,0,0.0,0.04635930680326701,0.006278,0.245039,0.417207,2.351111,0,0,0,ok,C:\tmp\adaptive-udp-link-issue-131-highrate\data\socket_buffer_txrx_highrate\rate_200000_rcvbuf_100000_sndbuf_default_run1.csv
200000,100000,200000,default,default,2,1999995,1999995,0,0,0.0,0.05105791858879647,0.006297,0.311928,0.524412,1.087823,0,0,0,ok,C:\tmp\adaptive-udp-link-issue-131-highrate\data\socket_buffer_txrx_highrate\rate_200000_rcvbuf_100000_sndbuf_default_run2.csv
200000,100000,200000,default,default,3,1982097,1982097,0,17898,0.009029830527971133,0.12886188743739585,0.006296,0.08950459999999916,0.206539,345.286411,0,0,0,ok,C:\tmp\adaptive-udp-link-issue-131-highrate\data\socket_buffer_txrx_highrate\rate_200000_rcvbuf_100000_sndbuf_default_run3.csv
200000,16000,32000,default,default,1,1994067,1994067,0,5928,0.002972818867169458,0.040851977150216115,0.00626,0.23952100000000004,0.41267,4.307261,0,0,0,ok,C:\tmp\adaptive-udp-link-issue-131-highrate\data\socket_buffer_txrx_highrate\rate_200000_rcvbuf_16000_sndbuf_default_run1.csv
200000,16000,32000,default,default,2,1956924,1956924,0,43071,0.022009541504933252,0.017818131715385984,0.006315,0.006537000000000001,0.008574,215.720242,0,0,0,ok,C:\tmp\adaptive-udp-link-issue-131-highrate\data\socket_buffer_txrx_highrate\rate_200000_rcvbuf_16000_sndbuf_default_run2.csv
200000,16000,32000,default,default,3,1996071,1996071,0,3924,0.0019658619357728257,0.025362780218739715,0.006259,0.16951100000000002,0.367484,19.594038,0,0,0,ok,C:\tmp\adaptive-udp-link-issue-131-highrate\data\socket_buffer_txrx_highrate\rate_200000_rcvbuf_16000_sndbuf_default_run3.csv
200000,2000,4000,default,default,1,1986777,1986777,0,13218,0.006652986218382838,0.008505607057057737,0.006241,0.008148,0.072297,0.3533,0,0,0,ok,C:\tmp\adaptive-udp-link-issue-131-highrate\data\socket_buffer_txrx_highrate\rate_200000_rcvbuf_2000_sndbuf_default_run1.csv
200000,2000,4000,default,default,2,1950519,1950519,0,49476,0.025365556551871577,0.019445945336087473,0.006352,0.069352,0.081612,6.875796,0,0,0,ok,C:\tmp\adaptive-udp-link-issue-131-highrate\data\socket_buffer_txrx_highrate\rate_200000_rcvbuf_2000_sndbuf_default_run2.csv
200000,2000,4000,default,default,3,1930452,1930452,0,69543,0.036024205730057005,0.017148596624003084,0.006296,0.060333,0.070779,297.241044,0,0,0,ok,C:\tmp\adaptive-udp-link-issue-131-highrate\data\socket_buffer_txrx_highrate\rate_200000_rcvbuf_2000_sndbuf_default_run3.csv
200000,32000,64000,default,default,1,1999953,1999953,0,42,2.1000493511597523e-05,0.035279466753968716,0.006314,0.187131,0.295928,1.22251,0,0,0,ok,C:\tmp\adaptive-udp-link-issue-131-highrate\data\socket_buffer_txrx_highrate\rate_200000_rcvbuf_32000_sndbuf_default_run1.csv
200000,32000,64000,default,default,2,1998132,1998132,0,1863,0.0009323708343592916,0.031844537875876065,0.006297,0.208668,0.421651,4.130496,0,0,0,ok,C:\tmp\adaptive-udp-link-issue-131-highrate\data\socket_buffer_txrx_highrate\rate_200000_rcvbuf_32000_sndbuf_default_run2.csv
200000,32000,64000,default,default,3,1998618,1998618,0,1377,0.0006889760824729888,0.021699125446183312,0.006333,0.131834,0.298243,3.141007,0,0,0,ok,C:\tmp\adaptive-udp-link-issue-131-highrate\data\socket_buffer_txrx_highrate\rate_200000_rcvbuf_32000_sndbuf_default_run3.csv
200000,4000,8000,default,default,1,1947294,1947294,0,52701,0.027063709948266672,0.02569650889696163,0.006278,0.130502,0.145483,1.807685,0,0,0,ok,C:\tmp\adaptive-udp-link-issue-131-highrate\data\socket_buffer_txrx_highrate\rate_200000_rcvbuf_4000_sndbuf_default_run1.csv
200000,4000,8000,default,default,2,1988457,1988457,0,11538,0.0058024890656423545,0.007200252791486062,0.006333,0.006518,0.008129,55.706242,0,0,0,ok,C:\tmp\adaptive-udp-link-issue-131-highrate\data\socket_buffer_txrx_highrate\rate_200000_rcvbuf_4000_sndbuf_default_run2.csv
200000,4000,8000,default,default,3,1992123,1992123,0,7872,0.003951563231788398,0.021388190866226633,0.006296,0.086094,0.11527899999999999,6.512564,0,0,0,ok,C:\tmp\adaptive-udp-link-issue-131-highrate\data\socket_buffer_txrx_highrate\rate_200000_rcvbuf_4000_sndbuf_default_run3.csv
200000,8000,16000,default,default,1,1963293,1963293,0,36702,0.018694102204816092,0.04519306523223992,0.006334,0.22244599999999998,0.266688,3.996779,0,0,0,ok,C:\tmp\adaptive-udp-link-issue-131-highrate\data\socket_buffer_txrx_highrate\rate_200000_rcvbuf_8000_sndbuf_default_run1.csv
200000,8000,16000,default,default,2,1995687,1995687,0,4308,0.002158655139808998,0.04385640372262784,0.028889,0.130539,0.202299,0.762878,0,0,0,ok,C:\tmp\adaptive-udp-link-issue-131-highrate\data\socket_buffer_txrx_highrate\rate_200000_rcvbuf_8000_sndbuf_default_run2.csv
200000,8000,16000,default,default,3,1962498,1962498,0,37497,0.01910677106422529,0.05911895966008628,0.006426,0.23187199999999997,0.252669,4.127779,0,0,0,ok,C:\tmp\adaptive-udp-link-issue-131-highrate\data\socket_buffer_txrx_highrate\rate_200000_rcvbuf_8000_sndbuf_default_run3.csv
500000,100000,200000,default,default,1,4583049,4583049,0,31185,0.006804422121605072,0.05048443603614101,0.005352,0.007833,0.012759,295.416987,0,0,0,ok,C:\tmp\adaptive-udp-link-issue-131-highrate\data\socket_buffer_txrx_highrate\rate_500000_rcvbuf_100000_sndbuf_default_run1.csv
500000,100000,200000,default,default,2,4714725,4714725,0,10377,0.0022009767271686047,0.009558682436409335,0.005389,0.007722,0.01087,18.12313,0,0,0,ok,C:\tmp\adaptive-udp-link-issue-131-highrate\data\socket_buffer_txrx_highrate\rate_500000_rcvbuf_100000_sndbuf_default_run2.csv
500000,100000,200000,default,default,3,4580001,4580001,0,131577,0.028728596347468046,0.052743861601776944,0.005389,0.007723,0.010926,310.646001,0,0,0,ok,C:\tmp\adaptive-udp-link-issue-131-highrate\data\socket_buffer_txrx_highrate\rate_500000_rcvbuf_100000_sndbuf_default_run3.csv
500000,16000,32000,default,default,1,4736823,4736823,0,8592,0.0018138739826250633,0.006205331826838368,0.00537,0.007685000000000001,0.010426,4.045968,0,0,0,ok,C:\tmp\adaptive-udp-link-issue-131-highrate\data\socket_buffer_txrx_highrate\rate_500000_rcvbuf_16000_sndbuf_default_run1.csv
500000,16000,32000,default,default,2,4721982,4721982,0,6381,0.0013513393316620013,0.006098324006317686,0.005388,0.00774,0.011111,3.07124,0,0,0,ok,C:\tmp\adaptive-udp-link-issue-131-highrate\data\socket_buffer_txrx_highrate\rate_500000_rcvbuf_16000_sndbuf_default_run2.csv
500000,16000,32000,default,default,3,4609752,4609752,0,22152,0.004805464588984397,0.0072615707810311705,0.005371,0.008482,0.029556,34.500328,0,0,0,ok,C:\tmp\adaptive-udp-link-issue-131-highrate\data\socket_buffer_txrx_highrate\rate_500000_rcvbuf_16000_sndbuf_default_run3.csv
500000,2000,4000,default,default,1,4696371,4696371,0,2607,0.0005551094664369573,0.005727041919388396,0.005351,0.007778,0.011666,2.851632,0,0,0,ok,C:\tmp\adaptive-udp-link-issue-131-highrate\data\socket_buffer_txrx_highrate\rate_500000_rcvbuf_2000_sndbuf_default_run1.csv
500000,2000,4000,default,default,2,4629846,4629846,0,99198,0.021425766645370062,0.006240550520254886,0.005407,0.007778,0.010371,117.42067,0,0,0,ok,C:\tmp\adaptive-udp-link-issue-131-highrate\data\socket_buffer_txrx_highrate\rate_500000_rcvbuf_2000_sndbuf_default_run2.csv
500000,2000,4000,default,default,3,4548381,4548381,0,10113,0.00222342851225524,0.006390479813366558,0.005407,0.008667,0.033074,49.829404,0,0,0,ok,C:\tmp\adaptive-udp-link-issue-131-highrate\data\socket_buffer_txrx_highrate\rate_500000_rcvbuf_2000_sndbuf_default_run3.csv
500000,32000,64000,default,default,1,4708980,4708980,0,8772,0.0018628237962361276,0.00727306049399233,0.005389,0.007814,0.010889,6.752982,0,0,0,ok,C:\tmp\adaptive-udp-link-issue-131-highrate\data\socket_buffer_txrx_highrate\rate_500000_rcvbuf_32000_sndbuf_default_run1.csv
500000,32000,64000,default,default,2,4709019,4709019,0,29544,0.0062739181982489345,0.008509277779512039,0.005371,0.00776,0.010537,52.149376,0,0,0,ok,C:\tmp\adaptive-udp-link-issue-131-highrate\data\socket_buffer_txrx_highrate\rate_500000_rcvbuf_32000_sndbuf_default_run2.csv
500000,32000,64000,default,default,3,4699836,4699836,0,16203,0.003447567106596911,0.0071904531377265084,0.00537,0.007723,0.010463,31.853096,0,0,0,ok,C:\tmp\adaptive-udp-link-issue-131-highrate\data\socket_buffer_txrx_highrate\rate_500000_rcvbuf_32000_sndbuf_default_run3.csv
500000,4000,8000,default,default,1,4578882,4578882,0,158148,0.034538562033264886,0.007414462244495491,0.00537,0.007759,0.010315,305.101243,0,0,0,ok,C:\tmp\adaptive-udp-link-issue-131-highrate\data\socket_buffer_txrx_highrate\rate_500000_rcvbuf_4000_sndbuf_default_run1.csv
500000,4000,8000,default,default,2,4700868,4700868,0,7803,0.0016599062130653317,0.005744498779799816,0.005389,0.007982,0.010796,3.125076,0,0,0,ok,C:\tmp\adaptive-udp-link-issue-131-highrate\data\socket_buffer_txrx_highrate\rate_500000_rcvbuf_4000_sndbuf_default_run2.csv
500000,4000,8000,default,default,3,4686852,4686852,0,51423,0.010971756735651136,0.0062834372502054685,0.005407,0.007759,0.01013,59.993987,0,0,0,ok,C:\tmp\adaptive-udp-link-issue-131-highrate\data\socket_buffer_txrx_highrate\rate_500000_rcvbuf_4000_sndbuf_default_run3.csv
500000,8000,16000,default,default,1,4390704,4390704,0,10767,0.0024522263400129,0.005879403245356553,0.005389,0.007815,0.010407,10.020749,0,0,0,ok,C:\tmp\adaptive-udp-link-issue-131-highrate\data\socket_buffer_txrx_highrate\rate_500000_rcvbuf_8000_sndbuf_default_run1.csv
500000,8000,16000,default,default,2,4696098,4696098,0,10191,0.002170099516662557,0.006101623194192285,0.005426,0.007815,0.010297,5.488813,0,0,0,ok,C:\tmp\adaptive-udp-link-issue-131-highrate\data\socket_buffer_txrx_highrate\rate_500000_rcvbuf_8000_sndbuf_default_run2.csv
500000,8000,16000,default,default,3,4347642,4347642,0,7431,0.0017092023676282453,0.018110810014946032,0.005389,0.007852,0.010518,1047.522565,0,0,0,ok,C:\tmp\adaptive-udp-link-issue-131-highrate\data\socket_buffer_txrx_highrate\rate_500000_rcvbuf_8000_sndbuf_default_run3.csv
