rate_hz,rx_pin,tx_pin,runs,sample_count_avg,missing_delta_total_avg,missing_delta_total_max,missing_rate_avg,mean_latency_ms_avg,p50_latency_ms_avg,p95_latency_ms_avg,p99_latency_ms_avg,max_latency_ms_avg,max_latency_ms_max,first_edge_mean_latency_ms_avg,first_edge_max_latency_ms_avg,last_edge_mean_latency_ms_avg,last_edge_max_latency_ms_avg,middle_mean_latency_ms_avg,first_edge_minus_middle_mean_ms_avg,last_edge_minus_middle_mean_ms_avg,parse_error_count_total,invalid_runs
5000,off,off,3,50004.0,0.0,0,0.0,0.01526750157987361,0.014543333333333333,0.015339333333333335,0.017394450000000023,2.942339,8.403257,0.06287666666666668,0.06287666666666668,0.6393466666666666,0.6393466666666666,0.015227198667946718,0.04764946799871995,0.62411946799872,0,0
5000,off,on,3,50004.0,0.0,0,0.0,0.014094622810175187,0.014531,0.015240666666666666,0.015839666666666665,0.13000633333333333,0.197186,0.05856166666666667,0.05856166666666667,0.13000633333333333,0.13000633333333333,0.014084999699987999,0.04447666696667867,0.11592133363334534,0,0
5000,on,off,3,50004.0,0.0,0,0.0,0.010600187465002799,0.010314333333333333,0.012111333333333333,0.012561999999999999,0.07367933333333333,0.098982,0.060950666666666674,0.060950666666666674,0.04809233333333334,0.04809233333333334,0.010594916696667867,0.0503557499699988,0.03749741663666547,0,0
5000,on,on,3,50004.0,0.0,0,0.0,0.010303503259739222,0.010308666666666667,0.010752999999999999,0.011179323333333333,0.07935199999999999,0.0905,0.07935199999999999,0.07935199999999999,0.030395000000000002,0.030395000000000002,0.010298154646185846,0.06905384535381415,0.02009684535381415,0,0
10000,off,off,3,100005.0,0.0,0,0.0,0.012754658747062648,0.012537,0.01421,0.014889,1.6320646666666665,2.147893,0.063043,0.063043,0.27914866666666666,0.27914866666666666,0.012745158181581817,0.05029784181841818,0.2664035084850849,0,0
10000,off,on,3,100005.0,0.0,0,0.0,0.01332997967101645,0.013604666666666666,0.014296000000000001,0.01636433333333333,0.5649826666666666,0.898501,0.06759266666666666,0.06759266666666666,0.15690166666666666,0.15690166666666666,0.013324044580445804,0.05426862208622086,0.14357762208622085,0,0
10000,on,off,3,100005.0,0.0,0,0.0,0.011286139523023849,0.011203666666666667,0.01179,0.012308666666666667,0.23741966666666667,0.432463,0.07568533333333333,0.07568533333333333,0.04649333333333333,0.04649333333333333,0.011283151301513014,0.06440218203182031,0.035210182031820324,0,0
10000,on,on,3,100005.0,0.0,0,0.0,0.010156425108744564,0.010006,0.010549666666666666,0.010821333333333334,1.2756496666666666,3.168949,0.06566666666666666,0.06566666666666666,0.9810016666666667,0.9810016666666667,0.010125634136341363,0.0555410325303253,0.9708760325303253,0,0
50000,off,off,3,500001.0,0.0,0,0.0,0.009578052685894628,0.00992,0.010543000000000002,0.010969,2.3414913333333334,2.828652,0.054111333333333324,0.054111333333333324,0.08559266666666665,0.08559266666666666,0.009577329391293915,0.044534003942039414,0.07601533727537274,0,0
50000,off,on,3,500001.0,0.0,0,0.0,0.011044499921000157,0.011290333333333333,0.011864333333333333,0.012870333333333333,2.665757333333333,7.394012,0.049982,0.049982,0.15011766666666668,0.15011766666666668,0.011043431846318464,0.03893856815368153,0.1390742348203482,0,0
50000,on,off,3,500001.0,0.0,0,0.0,0.00855072311055378,0.008734666666666667,0.009080333333333334,0.009562000000000001,0.863557,1.706965,0.06924066666666667,0.06924066666666667,0.032068,0.032068,0.008550217862178622,0.06069044880448805,0.023517782137821377,0,0
50000,on,on,3,500001.0,0.0,0,0.0,0.008241178201643598,0.008629333333333334,0.009012333333333332,0.009296333333333332,2.214392,4.091617,0.04872200000000001,0.048721999999999994,0.624217,0.624217,0.008237239422394224,0.04048476057760578,0.6159797605776058,0,0
100000,off,off,3,999999.0,0.0,0,0.0,0.007774646219646218,0.007043000000000001,0.009099000000000001,0.011241000000000001,1.9043796666666666,2.396634,0.049783999999999995,0.049783999999999995,0.02966066666666667,0.02966066666666667,0.007774454532181725,0.042009545467818266,0.02188621213448494,0,0
100000,off,on,3,962844.0,3823.0,11469,0.004302592810179464,0.2976102201680791,0.009240666666666666,0.009758999999999999,0.012209666666666666,384.964847,1154.180892,0.048783999999999994,0.048783999999999994,0.12779033333333334,0.12779033333333334,0.29761165909124315,-0.24882765909124313,-0.16982132575790984,0,0
100000,on,off,3,999541.0,458.0,1374,0.0004586306170985105,0.012885715317256996,0.008228,0.0085,0.009518333333333334,9.299488666666667,20.415696,0.05961766666666666,0.05961766666666666,0.8561676666666665,0.8561676666666665,0.012883045172980306,0.04673462149368637,0.8432846214936863,0,0
100000,on,on,3,999200.0,799.0,1440,0.0007999985731966685,0.015439952872795178,0.008136,0.008475666666666666,0.008765333333333333,13.102234333333334,20.715585,0.04777800000000001,0.04777800000000001,0.028660666666666668,0.028660666666666668,0.01543981610017984,0.03233818389982016,0.013220850566486827,0,0
500000,off,off,3,4580083.0,113695.0,339696,0.026251687794062367,0.04203405847537495,0.005432,0.007944333333333333,0.022778000000000003,150.1319543333333,443.916909,0.06082733333333334,0.06082733333333334,0.030889,0.030889,0.04203405599678372,0.01879327733654962,-0.011145055996783717,0,0
500000,off,on,3,4153316.0,552052.0,1172283,0.14557138293992408,0.22017949425297298,0.0054136666666666665,0.007851666666666667,0.010660666666666666,1178.802144,2294.560824,0.05554933333333333,0.05554933333333333,0.03509933333333334,0.03509933333333334,0.2201797762316479,-0.16463044289831455,-0.18508044289831457,0,0
500000,on,off,3,4407776.0,138754.0,206475,0.03277273601583911,0.11700085540263237,0.005400666666666667,0.007765333333333333,0.012351666666666669,656.4923586666666,1524.969885,0.058945,0.058945000000000004,0.03379033333333333,0.03379033333333333,0.1170009629860811,-0.0580559629860811,-0.08321062965274777,0,0
500000,on,on,3,4346749.0,172274.0,389124,0.04354674832001785,0.14442104684066695,0.005407666666666667,0.007846,0.010494000000000002,628.338372,1451.261113,0.05266666666666667,0.05266666666666667,0.03255566666666667,0.03255566666666667,0.1444212082077509,-0.09175454154108424,-0.11186554154108423,0,0
