env,board,sample_index,period_target_us,timestamp_us,delta_us,jitter_us
pico,raspberry_pi_pico,1,10000,2021752,9998,-2
pico,raspberry_pi_pico,2,10000,2031752,10000,0
pico,raspberry_pi_pico,3,10000,2041752,10000,0
pico,raspberry_pi_pico,4,10000,2051752,10000,0
pico,raspberry_pi_pico,5,10000,2061752,10000,0
pico,raspberry_pi_pico,6,10000,2071752,10000,0
pico,raspberry_pi_pico,7,10000,2081752,10000,0
pico,raspberry_pi_pico,8,10000,2091752,10000,0
pico,raspberry_pi_pico,9,10000,2101752,10000,0
pico,raspberry_pi_pico,10,10000,2111752,10000,0
pico,raspberry_pi_pico,11,10000,2121752,10000,0
pico,raspberry_pi_pico,12,10000,2131752,10000,0
pico,raspberry_pi_pico,13,10000,2141752,10000,0
pico,raspberry_pi_pico,14,10000,2151752,10000,0
pico,raspberry_pi_pico,15,10000,2161752,10000,0
pico,raspberry_pi_pico,16,10000,2171752,10000,0
pico,raspberry_pi_pico,17,10000,2181752,10000,0
pico,raspberry_pi_pico,18,10000,2191752,10000,0
pico,raspberry_pi_pico,19,10000,2201752,10000,0
pico,raspberry_pi_pico,20,10000,2211752,10000,0
pico,raspberry_pi_pico,21,10000,2221752,10000,0
pico,raspberry_pi_pico,22,10000,2231752,10000,0
pico,raspberry_pi_pico,23,10000,2241752,10000,0
pico,raspberry_pi_pico,24,10000,2251752,10000,0
pico,raspberry_pi_pico,25,10000,2261752,10000,0
pico,raspberry_pi_pico,26,10000,2271752,10000,0
pico,raspberry_pi_pico,27,10000,2281752,10000,0
pico,raspberry_pi_pico,28,10000,2291752,10000,0
pico,raspberry_pi_pico,29,10000,2301752,10000,0
pico,raspberry_pi_pico,30,10000,2311752,10000,0
pico,raspberry_pi_pico,31,10000,2321752,10000,0
pico,raspberry_pi_pico,32,10000,2331752,10000,0
pico,raspberry_pi_pico,33,10000,2341752,10000,0
pico,raspberry_pi_pico,34,10000,2351752,10000,0
pico,raspberry_pi_pico,35,10000,2361752,10000,0
pico,raspberry_pi_pico,36,10000,2371752,10000,0
pico,raspberry_pi_pico,37,10000,2381752,10000,0
pico,raspberry_pi_pico,38,10000,2391752,10000,0
pico,raspberry_pi_pico,39,10000,2401752,10000,0
pico,raspberry_pi_pico,40,10000,2411752,10000,0
pico,raspberry_pi_pico,41,10000,2421752,10000,0
pico,raspberry_pi_pico,42,10000,2431752,10000,0
pico,raspberry_pi_pico,43,10000,2441752,10000,0
pico,raspberry_pi_pico,44,10000,2451752,10000,0
pico,raspberry_pi_pico,45,10000,2461752,10000,0
pico,raspberry_pi_pico,46,10000,2471752,10000,0
pico,raspberry_pi_pico,47,10000,2481752,10000,0
pico,raspberry_pi_pico,48,10000,2491752,10000,0
pico,raspberry_pi_pico,49,10000,2501752,10000,0
pico,raspberry_pi_pico,50,10000,2511752,10000,0
pico,raspberry_pi_pico,51,10000,2521752,10000,0
pico,raspberry_pi_pico,52,10000,2531752,10000,0
pico,raspberry_pi_pico,53,10000,2541752,10000,0
pico,raspberry_pi_pico,54,10000,2551752,10000,0
pico,raspberry_pi_pico,55,10000,2561752,10000,0
pico,raspberry_pi_pico,56,10000,2571752,10000,0
pico,raspberry_pi_pico,57,10000,2581752,10000,0
pico,raspberry_pi_pico,58,10000,2591752,10000,0
pico,raspberry_pi_pico,59,10000,2601752,10000,0
pico,raspberry_pi_pico,60,10000,2611752,10000,0
pico,raspberry_pi_pico,61,10000,2621752,10000,0
pico,raspberry_pi_pico,62,10000,2631752,10000,0
pico,raspberry_pi_pico,63,10000,2641752,10000,0
pico,raspberry_pi_pico,64,10000,2651752,10000,0
pico,raspberry_pi_pico,65,10000,2661752,10000,0
pico,raspberry_pi_pico,66,10000,2671752,10000,0
pico,raspberry_pi_pico,67,10000,2681752,10000,0
pico,raspberry_pi_pico,68,10000,2691752,10000,0
pico,raspberry_pi_pico,69,10000,2701752,10000,0
pico,raspberry_pi_pico,70,10000,2711752,10000,0
pico,raspberry_pi_pico,71,10000,2721752,10000,0
pico,raspberry_pi_pico,72,10000,2731752,10000,0
pico,raspberry_pi_pico,73,10000,2741752,10000,0
pico,raspberry_pi_pico,74,10000,2751752,10000,0
pico,raspberry_pi_pico,75,10000,2761752,10000,0
pico,raspberry_pi_pico,76,10000,2771752,10000,0
pico,raspberry_pi_pico,77,10000,2781752,10000,0
pico,raspberry_pi_pico,78,10000,2791752,10000,0
pico,raspberry_pi_pico,79,10000,2801752,10000,0
pico,raspberry_pi_pico,80,10000,2811752,10000,0
pico,raspberry_pi_pico,81,10000,2821752,10000,0
pico,raspberry_pi_pico,82,10000,2831752,10000,0
pico,raspberry_pi_pico,83,10000,2841752,10000,0
pico,raspberry_pi_pico,84,10000,2851752,10000,0
pico,raspberry_pi_pico,85,10000,2861752,10000,0
pico,raspberry_pi_pico,86,10000,2871752,10000,0
pico,raspberry_pi_pico,87,10000,2881752,10000,0
pico,raspberry_pi_pico,88,10000,2891752,10000,0
pico,raspberry_pi_pico,89,10000,2901752,10000,0
pico,raspberry_pi_pico,90,10000,2911752,10000,0
pico,raspberry_pi_pico,91,10000,2921752,10000,0
pico,raspberry_pi_pico,92,10000,2931752,10000,0
pico,raspberry_pi_pico,93,10000,2941752,10000,0
pico,raspberry_pi_pico,94,10000,2951752,10000,0
pico,raspberry_pi_pico,95,10000,2961752,10000,0
pico,raspberry_pi_pico,96,10000,2971752,10000,0
pico,raspberry_pi_pico,97,10000,2981752,10000,0
pico,raspberry_pi_pico,98,10000,2991752,10000,0
pico,raspberry_pi_pico,99,10000,3001752,10000,0
pico,raspberry_pi_pico,100,10000,3011752,10000,0
pico,raspberry_pi_pico,101,10000,3021752,10000,0
pico,raspberry_pi_pico,102,10000,3031752,10000,0
pico,raspberry_pi_pico,103,10000,3041752,10000,0
pico,raspberry_pi_pico,104,10000,3051752,10000,0
pico,raspberry_pi_pico,105,10000,3061752,10000,0
pico,raspberry_pi_pico,106,10000,3071752,10000,0
pico,raspberry_pi_pico,107,10000,3081752,10000,0
pico,raspberry_pi_pico,108,10000,3091752,10000,0
pico,raspberry_pi_pico,109,10000,3101752,10000,0
pico,raspberry_pi_pico,110,10000,3111752,10000,0
pico,raspberry_pi_pico,111,10000,3121752,10000,0
pico,raspberry_pi_pico,112,10000,3131752,10000,0
pico,raspberry_pi_pico,113,10000,3141752,10000,0
pico,raspberry_pi_pico,114,10000,3151752,10000,0
pico,raspberry_pi_pico,115,10000,3161752,10000,0
pico,raspberry_pi_pico,116,10000,3171752,10000,0
pico,raspberry_pi_pico,117,10000,3181752,10000,0
pico,raspberry_pi_pico,118,10000,3191752,10000,0
pico,raspberry_pi_pico,119,10000,3201752,10000,0
pico,raspberry_pi_pico,120,10000,3211752,10000,0
pico,raspberry_pi_pico,121,10000,3221752,10000,0
pico,raspberry_pi_pico,122,10000,3231752,10000,0
pico,raspberry_pi_pico,123,10000,3241752,10000,0
pico,raspberry_pi_pico,124,10000,3251752,10000,0
pico,raspberry_pi_pico,125,10000,3261752,10000,0
pico,raspberry_pi_pico,126,10000,3271752,10000,0
pico,raspberry_pi_pico,127,10000,3281752,10000,0
pico,raspberry_pi_pico,128,10000,3291752,10000,0
pico,raspberry_pi_pico,129,10000,3301752,10000,0
pico,raspberry_pi_pico,130,10000,3311752,10000,0
pico,raspberry_pi_pico,131,10000,3321752,10000,0
pico,raspberry_pi_pico,132,10000,3331752,10000,0
pico,raspberry_pi_pico,133,10000,3341752,10000,0
pico,raspberry_pi_pico,134,10000,3351752,10000,0
pico,raspberry_pi_pico,135,10000,3361752,10000,0
pico,raspberry_pi_pico,136,10000,3371752,10000,0
pico,raspberry_pi_pico,137,10000,3381752,10000,0
pico,raspberry_pi_pico,138,10000,3391752,10000,0
pico,raspberry_pi_pico,139,10000,3401752,10000,0
pico,raspberry_pi_pico,140,10000,3411752,10000,0
pico,raspberry_pi_pico,141,10000,3421752,10000,0
pico,raspberry_pi_pico,142,10000,3431752,10000,0
pico,raspberry_pi_pico,143,10000,3441752,10000,0
pico,raspberry_pi_pico,144,10000,3451752,10000,0
pico,raspberry_pi_pico,145,10000,3461752,10000,0
pico,raspberry_pi_pico,146,10000,3471752,10000,0
pico,raspberry_pi_pico,147,10000,3481752,10000,0
pico,raspberry_pi_pico,148,10000,3491752,10000,0
pico,raspberry_pi_pico,149,10000,3501752,10000,0
pico,raspberry_pi_pico,150,10000,3511752,10000,0
pico,raspberry_pi_pico,151,10000,3521752,10000,0
pico,raspberry_pi_pico,152,10000,3531752,10000,0
pico,raspberry_pi_pico,153,10000,3541752,10000,0
pico,raspberry_pi_pico,154,10000,3551752,10000,0
pico,raspberry_pi_pico,155,10000,3561752,10000,0
pico,raspberry_pi_pico,156,10000,3571752,10000,0
pico,raspberry_pi_pico,157,10000,3581752,10000,0
pico,raspberry_pi_pico,158,10000,3591752,10000,0
pico,raspberry_pi_pico,159,10000,3601752,10000,0
pico,raspberry_pi_pico,160,10000,3611752,10000,0
pico,raspberry_pi_pico,161,10000,3621752,10000,0
pico,raspberry_pi_pico,162,10000,3631752,10000,0
pico,raspberry_pi_pico,163,10000,3641752,10000,0
pico,raspberry_pi_pico,164,10000,3651752,10000,0
pico,raspberry_pi_pico,165,10000,3661752,10000,0
pico,raspberry_pi_pico,166,10000,3671752,10000,0
pico,raspberry_pi_pico,167,10000,3681752,10000,0
pico,raspberry_pi_pico,168,10000,3691752,10000,0
pico,raspberry_pi_pico,169,10000,3701752,10000,0
pico,raspberry_pi_pico,170,10000,3711752,10000,0
pico,raspberry_pi_pico,171,10000,3721752,10000,0
pico,raspberry_pi_pico,172,10000,3731752,10000,0
pico,raspberry_pi_pico,173,10000,3741752,10000,0
pico,raspberry_pi_pico,174,10000,3751752,10000,0
pico,raspberry_pi_pico,175,10000,3761752,10000,0
pico,raspberry_pi_pico,176,10000,3771752,10000,0
pico,raspberry_pi_pico,177,10000,3781752,10000,0
pico,raspberry_pi_pico,178,10000,3791752,10000,0
pico,raspberry_pi_pico,179,10000,3801752,10000,0
pico,raspberry_pi_pico,180,10000,3811752,10000,0
pico,raspberry_pi_pico,181,10000,3821752,10000,0
pico,raspberry_pi_pico,182,10000,3831752,10000,0
pico,raspberry_pi_pico,183,10000,3841752,10000,0
pico,raspberry_pi_pico,184,10000,3851752,10000,0
pico,raspberry_pi_pico,185,10000,3861752,10000,0
pico,raspberry_pi_pico,186,10000,3871752,10000,0
pico,raspberry_pi_pico,187,10000,3881752,10000,0
pico,raspberry_pi_pico,188,10000,3891752,10000,0
pico,raspberry_pi_pico,189,10000,3901752,10000,0
pico,raspberry_pi_pico,190,10000,3911752,10000,0
pico,raspberry_pi_pico,191,10000,3921752,10000,0
pico,raspberry_pi_pico,192,10000,3931752,10000,0
pico,raspberry_pi_pico,193,10000,3941752,10000,0
pico,raspberry_pi_pico,194,10000,3951752,10000,0
pico,raspberry_pi_pico,195,10000,3961752,10000,0
pico,raspberry_pi_pico,196,10000,3971752,10000,0
pico,raspberry_pi_pico,197,10000,3981752,10000,0
pico,raspberry_pi_pico,198,10000,3991752,10000,0
pico,raspberry_pi_pico,199,10000,4001752,10000,0
pico,raspberry_pi_pico,200,10000,4011752,10000,0
pico,raspberry_pi_pico,201,10000,4021752,10000,0
pico,raspberry_pi_pico,202,10000,4031752,10000,0
pico,raspberry_pi_pico,203,10000,4041752,10000,0
pico,raspberry_pi_pico,204,10000,4051752,10000,0
pico,raspberry_pi_pico,205,10000,4061752,10000,0
pico,raspberry_pi_pico,206,10000,4071752,10000,0
pico,raspberry_pi_pico,207,10000,4081752,10000,0
pico,raspberry_pi_pico,208,10000,4091752,10000,0
pico,raspberry_pi_pico,209,10000,4101752,10000,0
pico,raspberry_pi_pico,210,10000,4111752,10000,0
pico,raspberry_pi_pico,211,10000,4121752,10000,0
pico,raspberry_pi_pico,212,10000,4131752,10000,0
pico,raspberry_pi_pico,213,10000,4141752,10000,0
pico,raspberry_pi_pico,214,10000,4151752,10000,0
pico,raspberry_pi_pico,215,10000,4161752,10000,0
pico,raspberry_pi_pico,216,10000,4171752,10000,0
pico,raspberry_pi_pico,217,10000,4181752,10000,0
pico,raspberry_pi_pico,218,10000,4191752,10000,0
pico,raspberry_pi_pico,219,10000,4201752,10000,0
pico,raspberry_pi_pico,220,10000,4211752,10000,0
pico,raspberry_pi_pico,221,10000,4221752,10000,0
pico,raspberry_pi_pico,222,10000,4231752,10000,0
pico,raspberry_pi_pico,223,10000,4241752,10000,0
pico,raspberry_pi_pico,224,10000,4251752,10000,0
pico,raspberry_pi_pico,225,10000,4261752,10000,0
pico,raspberry_pi_pico,226,10000,4271752,10000,0
pico,raspberry_pi_pico,227,10000,4281752,10000,0
pico,raspberry_pi_pico,228,10000,4291752,10000,0
pico,raspberry_pi_pico,229,10000,4301752,10000,0
pico,raspberry_pi_pico,230,10000,4311752,10000,0
pico,raspberry_pi_pico,231,10000,4321752,10000,0
pico,raspberry_pi_pico,232,10000,4331752,10000,0
pico,raspberry_pi_pico,233,10000,4341752,10000,0
pico,raspberry_pi_pico,234,10000,4351752,10000,0
pico,raspberry_pi_pico,235,10000,4361752,10000,0
pico,raspberry_pi_pico,236,10000,4371752,10000,0
pico,raspberry_pi_pico,237,10000,4381752,10000,0
pico,raspberry_pi_pico,238,10000,4391752,10000,0
pico,raspberry_pi_pico,239,10000,4401752,10000,0
pico,raspberry_pi_pico,240,10000,4411752,10000,0
pico,raspberry_pi_pico,241,10000,4421752,10000,0
pico,raspberry_pi_pico,242,10000,4431752,10000,0
pico,raspberry_pi_pico,243,10000,4441752,10000,0
pico,raspberry_pi_pico,244,10000,4451752,10000,0
pico,raspberry_pi_pico,245,10000,4461752,10000,0
pico,raspberry_pi_pico,246,10000,4471752,10000,0
pico,raspberry_pi_pico,247,10000,4481752,10000,0
pico,raspberry_pi_pico,248,10000,4491752,10000,0
pico,raspberry_pi_pico,249,10000,4501752,10000,0
pico,raspberry_pi_pico,250,10000,4511752,10000,0
pico,raspberry_pi_pico,251,10000,4521752,10000,0
pico,raspberry_pi_pico,252,10000,4531752,10000,0
pico,raspberry_pi_pico,253,10000,4541752,10000,0
pico,raspberry_pi_pico,254,10000,4551752,10000,0
pico,raspberry_pi_pico,255,10000,4561752,10000,0
pico,raspberry_pi_pico,256,10000,4571752,10000,0
pico,raspberry_pi_pico,257,10000,4581752,10000,0
pico,raspberry_pi_pico,258,10000,4591752,10000,0
pico,raspberry_pi_pico,259,10000,4601752,10000,0
pico,raspberry_pi_pico,260,10000,4611752,10000,0
pico,raspberry_pi_pico,261,10000,4621752,10000,0
pico,raspberry_pi_pico,262,10000,4631752,10000,0
pico,raspberry_pi_pico,263,10000,4641752,10000,0
pico,raspberry_pi_pico,264,10000,4651752,10000,0
pico,raspberry_pi_pico,265,10000,4661752,10000,0
pico,raspberry_pi_pico,266,10000,4671752,10000,0
pico,raspberry_pi_pico,267,10000,4681752,10000,0
pico,raspberry_pi_pico,268,10000,4691752,10000,0
pico,raspberry_pi_pico,269,10000,4701752,10000,0
pico,raspberry_pi_pico,270,10000,4711752,10000,0
pico,raspberry_pi_pico,271,10000,4721752,10000,0
pico,raspberry_pi_pico,272,10000,4731752,10000,0
pico,raspberry_pi_pico,273,10000,4741752,10000,0
pico,raspberry_pi_pico,274,10000,4751752,10000,0
pico,raspberry_pi_pico,275,10000,4761752,10000,0
pico,raspberry_pi_pico,276,10000,4771752,10000,0
pico,raspberry_pi_pico,277,10000,4781752,10000,0
pico,raspberry_pi_pico,278,10000,4791752,10000,0
pico,raspberry_pi_pico,279,10000,4801752,10000,0
pico,raspberry_pi_pico,280,10000,4811752,10000,0
pico,raspberry_pi_pico,281,10000,4821752,10000,0
pico,raspberry_pi_pico,282,10000,4831752,10000,0
pico,raspberry_pi_pico,283,10000,4841752,10000,0
pico,raspberry_pi_pico,284,10000,4851752,10000,0
pico,raspberry_pi_pico,285,10000,4861752,10000,0
pico,raspberry_pi_pico,286,10000,4871752,10000,0
pico,raspberry_pi_pico,287,10000,4881752,10000,0
pico,raspberry_pi_pico,288,10000,4891752,10000,0
pico,raspberry_pi_pico,289,10000,4901752,10000,0
pico,raspberry_pi_pico,290,10000,4911752,10000,0
pico,raspberry_pi_pico,291,10000,4921752,10000,0
pico,raspberry_pi_pico,292,10000,4931752,10000,0
pico,raspberry_pi_pico,293,10000,4941752,10000,0
pico,raspberry_pi_pico,294,10000,4951752,10000,0
pico,raspberry_pi_pico,295,10000,4961752,10000,0
pico,raspberry_pi_pico,296,10000,4971752,10000,0
pico,raspberry_pi_pico,297,10000,4981752,10000,0
pico,raspberry_pi_pico,298,10000,4991752,10000,0
pico,raspberry_pi_pico,299,10000,5001752,10000,0
pico,raspberry_pi_pico,300,10000,5011752,10000,0
pico,raspberry_pi_pico,301,10000,5021752,10000,0
pico,raspberry_pi_pico,302,10000,5031752,10000,0
pico,raspberry_pi_pico,303,10000,5041752,10000,0
pico,raspberry_pi_pico,304,10000,5051752,10000,0
pico,raspberry_pi_pico,305,10000,5061752,10000,0
pico,raspberry_pi_pico,306,10000,5071752,10000,0
pico,raspberry_pi_pico,307,10000,5081752,10000,0
pico,raspberry_pi_pico,308,10000,5091752,10000,0
pico,raspberry_pi_pico,309,10000,5101752,10000,0
pico,raspberry_pi_pico,310,10000,5111752,10000,0
pico,raspberry_pi_pico,311,10000,5121752,10000,0
pico,raspberry_pi_pico,312,10000,5131752,10000,0
pico,raspberry_pi_pico,313,10000,5141752,10000,0
pico,raspberry_pi_pico,314,10000,5151752,10000,0
pico,raspberry_pi_pico,315,10000,5161752,10000,0
pico,raspberry_pi_pico,316,10000,5171752,10000,0
pico,raspberry_pi_pico,317,10000,5181752,10000,0
pico,raspberry_pi_pico,318,10000,5191752,10000,0
pico,raspberry_pi_pico,319,10000,5201752,10000,0
pico,raspberry_pi_pico,320,10000,5211752,10000,0
pico,raspberry_pi_pico,321,10000,5221752,10000,0
pico,raspberry_pi_pico,322,10000,5231752,10000,0
pico,raspberry_pi_pico,323,10000,5241752,10000,0
pico,raspberry_pi_pico,324,10000,5251752,10000,0
pico,raspberry_pi_pico,325,10000,5261752,10000,0
pico,raspberry_pi_pico,326,10000,5271752,10000,0
pico,raspberry_pi_pico,327,10000,5281752,10000,0
pico,raspberry_pi_pico,328,10000,5291752,10000,0
pico,raspberry_pi_pico,329,10000,5301752,10000,0
pico,raspberry_pi_pico,330,10000,5311752,10000,0
pico,raspberry_pi_pico,331,10000,5321752,10000,0
pico,raspberry_pi_pico,332,10000,5331752,10000,0
pico,raspberry_pi_pico,333,10000,5341752,10000,0
pico,raspberry_pi_pico,334,10000,5351752,10000,0
pico,raspberry_pi_pico,335,10000,5361752,10000,0
pico,raspberry_pi_pico,336,10000,5371752,10000,0
pico,raspberry_pi_pico,337,10000,5381752,10000,0
pico,raspberry_pi_pico,338,10000,5391752,10000,0
pico,raspberry_pi_pico,339,10000,5401752,10000,0
pico,raspberry_pi_pico,340,10000,5411752,10000,0
pico,raspberry_pi_pico,341,10000,5421752,10000,0
pico,raspberry_pi_pico,342,10000,5431752,10000,0
pico,raspberry_pi_pico,343,10000,5441752,10000,0
pico,raspberry_pi_pico,344,10000,5451752,10000,0
pico,raspberry_pi_pico,345,10000,5461752,10000,0
pico,raspberry_pi_pico,346,10000,5471752,10000,0
pico,raspberry_pi_pico,347,10000,5481752,10000,0
pico,raspberry_pi_pico,348,10000,5491752,10000,0
pico,raspberry_pi_pico,349,10000,5501752,10000,0
pico,raspberry_pi_pico,350,10000,5511752,10000,0
pico,raspberry_pi_pico,351,10000,5521752,10000,0
pico,raspberry_pi_pico,352,10000,5531752,10000,0
pico,raspberry_pi_pico,353,10000,5541752,10000,0
pico,raspberry_pi_pico,354,10000,5551752,10000,0
pico,raspberry_pi_pico,355,10000,5561752,10000,0
pico,raspberry_pi_pico,356,10000,5571752,10000,0
pico,raspberry_pi_pico,357,10000,5581752,10000,0
pico,raspberry_pi_pico,358,10000,5591752,10000,0
pico,raspberry_pi_pico,359,10000,5601752,10000,0
pico,raspberry_pi_pico,360,10000,5611752,10000,0
pico,raspberry_pi_pico,361,10000,5621752,10000,0
pico,raspberry_pi_pico,362,10000,5631752,10000,0
pico,raspberry_pi_pico,363,10000,5641752,10000,0
pico,raspberry_pi_pico,364,10000,5651752,10000,0
pico,raspberry_pi_pico,365,10000,5661752,10000,0
pico,raspberry_pi_pico,366,10000,5671752,10000,0
pico,raspberry_pi_pico,367,10000,5681752,10000,0
pico,raspberry_pi_pico,368,10000,5691752,10000,0
pico,raspberry_pi_pico,369,10000,5701752,10000,0
pico,raspberry_pi_pico,370,10000,5711752,10000,0
pico,raspberry_pi_pico,371,10000,5721752,10000,0
pico,raspberry_pi_pico,372,10000,5731752,10000,0
pico,raspberry_pi_pico,373,10000,5741752,10000,0
pico,raspberry_pi_pico,374,10000,5751752,10000,0
pico,raspberry_pi_pico,375,10000,5761752,10000,0
pico,raspberry_pi_pico,376,10000,5771752,10000,0
pico,raspberry_pi_pico,377,10000,5781752,10000,0
pico,raspberry_pi_pico,378,10000,5791752,10000,0
pico,raspberry_pi_pico,379,10000,5801752,10000,0
pico,raspberry_pi_pico,380,10000,5811752,10000,0
pico,raspberry_pi_pico,381,10000,5821752,10000,0
pico,raspberry_pi_pico,382,10000,5831752,10000,0
pico,raspberry_pi_pico,383,10000,5841752,10000,0
pico,raspberry_pi_pico,384,10000,5851752,10000,0
pico,raspberry_pi_pico,385,10000,5861752,10000,0
pico,raspberry_pi_pico,386,10000,5871752,10000,0
pico,raspberry_pi_pico,387,10000,5881752,10000,0
pico,raspberry_pi_pico,388,10000,5891752,10000,0
pico,raspberry_pi_pico,389,10000,5901752,10000,0
pico,raspberry_pi_pico,390,10000,5911752,10000,0
pico,raspberry_pi_pico,391,10000,5921752,10000,0
pico,raspberry_pi_pico,392,10000,5931752,10000,0
pico,raspberry_pi_pico,393,10000,5941752,10000,0
pico,raspberry_pi_pico,394,10000,5951752,10000,0
pico,raspberry_pi_pico,395,10000,5961752,10000,0
pico,raspberry_pi_pico,396,10000,5971752,10000,0
pico,raspberry_pi_pico,397,10000,5981752,10000,0
pico,raspberry_pi_pico,398,10000,5991752,10000,0
pico,raspberry_pi_pico,399,10000,6001752,10000,0
pico,raspberry_pi_pico,400,10000,6011752,10000,0
pico,raspberry_pi_pico,401,10000,6021752,10000,0
pico,raspberry_pi_pico,402,10000,6031752,10000,0
pico,raspberry_pi_pico,403,10000,6041752,10000,0
pico,raspberry_pi_pico,404,10000,6051752,10000,0
pico,raspberry_pi_pico,405,10000,6061752,10000,0
pico,raspberry_pi_pico,406,10000,6071752,10000,0
pico,raspberry_pi_pico,407,10000,6081752,10000,0
pico,raspberry_pi_pico,408,10000,6091752,10000,0
pico,raspberry_pi_pico,409,10000,6101752,10000,0
pico,raspberry_pi_pico,410,10000,6111752,10000,0
pico,raspberry_pi_pico,411,10000,6121752,10000,0
pico,raspberry_pi_pico,412,10000,6131752,10000,0
pico,raspberry_pi_pico,413,10000,6141752,10000,0
pico,raspberry_pi_pico,414,10000,6151752,10000,0
pico,raspberry_pi_pico,415,10000,6161752,10000,0
pico,raspberry_pi_pico,416,10000,6171752,10000,0
pico,raspberry_pi_pico,417,10000,6181752,10000,0
pico,raspberry_pi_pico,418,10000,6191752,10000,0
pico,raspberry_pi_pico,419,10000,6201752,10000,0
pico,raspberry_pi_pico,420,10000,6211752,10000,0
pico,raspberry_pi_pico,421,10000,6221752,10000,0
pico,raspberry_pi_pico,422,10000,6231752,10000,0
pico,raspberry_pi_pico,423,10000,6241752,10000,0
pico,raspberry_pi_pico,424,10000,6251752,10000,0
pico,raspberry_pi_pico,425,10000,6261752,10000,0
pico,raspberry_pi_pico,426,10000,6271752,10000,0
pico,raspberry_pi_pico,427,10000,6281752,10000,0
pico,raspberry_pi_pico,428,10000,6291752,10000,0
pico,raspberry_pi_pico,429,10000,6301752,10000,0
pico,raspberry_pi_pico,430,10000,6311752,10000,0
pico,raspberry_pi_pico,431,10000,6321752,10000,0
pico,raspberry_pi_pico,432,10000,6331752,10000,0
pico,raspberry_pi_pico,433,10000,6341752,10000,0
pico,raspberry_pi_pico,434,10000,6351752,10000,0
pico,raspberry_pi_pico,435,10000,6361752,10000,0
pico,raspberry_pi_pico,436,10000,6371752,10000,0
pico,raspberry_pi_pico,437,10000,6381752,10000,0
pico,raspberry_pi_pico,438,10000,6391752,10000,0
pico,raspberry_pi_pico,439,10000,6401752,10000,0
pico,raspberry_pi_pico,440,10000,6411752,10000,0
pico,raspberry_pi_pico,441,10000,6421752,10000,0
pico,raspberry_pi_pico,442,10000,6431752,10000,0
pico,raspberry_pi_pico,443,10000,6441752,10000,0
pico,raspberry_pi_pico,444,10000,6451752,10000,0
pico,raspberry_pi_pico,445,10000,6461752,10000,0
pico,raspberry_pi_pico,446,10000,6471752,10000,0
pico,raspberry_pi_pico,447,10000,6481752,10000,0
pico,raspberry_pi_pico,448,10000,6491752,10000,0
pico,raspberry_pi_pico,449,10000,6501752,10000,0
pico,raspberry_pi_pico,450,10000,6511752,10000,0
pico,raspberry_pi_pico,451,10000,6521752,10000,0
pico,raspberry_pi_pico,452,10000,6531752,10000,0
pico,raspberry_pi_pico,453,10000,6541752,10000,0
pico,raspberry_pi_pico,454,10000,6551752,10000,0
pico,raspberry_pi_pico,455,10000,6561752,10000,0
pico,raspberry_pi_pico,456,10000,6571752,10000,0
pico,raspberry_pi_pico,457,10000,6581752,10000,0
pico,raspberry_pi_pico,458,10000,6591752,10000,0
pico,raspberry_pi_pico,459,10000,6601752,10000,0
pico,raspberry_pi_pico,460,10000,6611752,10000,0
pico,raspberry_pi_pico,461,10000,6621752,10000,0
pico,raspberry_pi_pico,462,10000,6631752,10000,0
pico,raspberry_pi_pico,463,10000,6641752,10000,0
pico,raspberry_pi_pico,464,10000,6651752,10000,0
pico,raspberry_pi_pico,465,10000,6661752,10000,0
pico,raspberry_pi_pico,466,10000,6671752,10000,0
pico,raspberry_pi_pico,467,10000,6681752,10000,0
pico,raspberry_pi_pico,468,10000,6691752,10000,0
pico,raspberry_pi_pico,469,10000,6701752,10000,0
pico,raspberry_pi_pico,470,10000,6711752,10000,0
pico,raspberry_pi_pico,471,10000,6721752,10000,0
pico,raspberry_pi_pico,472,10000,6731752,10000,0
pico,raspberry_pi_pico,473,10000,6741752,10000,0
pico,raspberry_pi_pico,474,10000,6751752,10000,0
pico,raspberry_pi_pico,475,10000,6761752,10000,0
pico,raspberry_pi_pico,476,10000,6771752,10000,0
pico,raspberry_pi_pico,477,10000,6781752,10000,0
pico,raspberry_pi_pico,478,10000,6791752,10000,0
pico,raspberry_pi_pico,479,10000,6801752,10000,0
pico,raspberry_pi_pico,480,10000,6811752,10000,0
pico,raspberry_pi_pico,481,10000,6821752,10000,0
pico,raspberry_pi_pico,482,10000,6831752,10000,0
pico,raspberry_pi_pico,483,10000,6841752,10000,0
pico,raspberry_pi_pico,484,10000,6851752,10000,0
pico,raspberry_pi_pico,485,10000,6861752,10000,0
pico,raspberry_pi_pico,486,10000,6871752,10000,0
pico,raspberry_pi_pico,487,10000,6881752,10000,0
pico,raspberry_pi_pico,488,10000,6891752,10000,0
pico,raspberry_pi_pico,489,10000,6901752,10000,0
pico,raspberry_pi_pico,490,10000,6911752,10000,0
pico,raspberry_pi_pico,491,10000,6921752,10000,0
pico,raspberry_pi_pico,492,10000,6931752,10000,0
pico,raspberry_pi_pico,493,10000,6941752,10000,0
pico,raspberry_pi_pico,494,10000,6951752,10000,0
pico,raspberry_pi_pico,495,10000,6961752,10000,0
pico,raspberry_pi_pico,496,10000,6971752,10000,0
pico,raspberry_pi_pico,497,10000,6981752,10000,0
pico,raspberry_pi_pico,498,10000,6991752,10000,0
pico,raspberry_pi_pico,499,10000,7001752,10000,0
pico,raspberry_pi_pico,500,10000,7011752,10000,0
pico,raspberry_pi_pico,501,10000,7021752,10000,0
pico,raspberry_pi_pico,502,10000,7031752,10000,0
pico,raspberry_pi_pico,503,10000,7041752,10000,0
pico,raspberry_pi_pico,504,10000,7051752,10000,0
pico,raspberry_pi_pico,505,10000,7061752,10000,0
pico,raspberry_pi_pico,506,10000,7071752,10000,0
pico,raspberry_pi_pico,507,10000,7081752,10000,0
pico,raspberry_pi_pico,508,10000,7091752,10000,0
pico,raspberry_pi_pico,509,10000,7101752,10000,0
pico,raspberry_pi_pico,510,10000,7111752,10000,0
pico,raspberry_pi_pico,511,10000,7121752,10000,0
pico,raspberry_pi_pico,512,10000,7131752,10000,0
pico,raspberry_pi_pico,513,10000,7141752,10000,0
pico,raspberry_pi_pico,514,10000,7151752,10000,0
pico,raspberry_pi_pico,515,10000,7161752,10000,0
pico,raspberry_pi_pico,516,10000,7171752,10000,0
pico,raspberry_pi_pico,517,10000,7181752,10000,0
pico,raspberry_pi_pico,518,10000,7191752,10000,0
pico,raspberry_pi_pico,519,10000,7201752,10000,0
pico,raspberry_pi_pico,520,10000,7211752,10000,0
pico,raspberry_pi_pico,521,10000,7221752,10000,0
pico,raspberry_pi_pico,522,10000,7231752,10000,0
pico,raspberry_pi_pico,523,10000,7241752,10000,0
pico,raspberry_pi_pico,524,10000,7251752,10000,0
pico,raspberry_pi_pico,525,10000,7261752,10000,0
pico,raspberry_pi_pico,526,10000,7271752,10000,0
pico,raspberry_pi_pico,527,10000,7281752,10000,0
pico,raspberry_pi_pico,528,10000,7291752,10000,0
pico,raspberry_pi_pico,529,10000,7301752,10000,0
pico,raspberry_pi_pico,530,10000,7311752,10000,0
pico,raspberry_pi_pico,531,10000,7321752,10000,0
pico,raspberry_pi_pico,532,10000,7331752,10000,0
pico,raspberry_pi_pico,533,10000,7341752,10000,0
pico,raspberry_pi_pico,534,10000,7351752,10000,0
pico,raspberry_pi_pico,535,10000,7361752,10000,0
pico,raspberry_pi_pico,536,10000,7371752,10000,0
pico,raspberry_pi_pico,537,10000,7381752,10000,0
pico,raspberry_pi_pico,538,10000,7391752,10000,0
pico,raspberry_pi_pico,539,10000,7401752,10000,0
pico,raspberry_pi_pico,540,10000,7411752,10000,0
pico,raspberry_pi_pico,541,10000,7421752,10000,0
pico,raspberry_pi_pico,542,10000,7431752,10000,0
pico,raspberry_pi_pico,543,10000,7441752,10000,0
pico,raspberry_pi_pico,544,10000,7451752,10000,0
pico,raspberry_pi_pico,545,10000,7461752,10000,0
pico,raspberry_pi_pico,546,10000,7471752,10000,0
pico,raspberry_pi_pico,547,10000,7481752,10000,0
pico,raspberry_pi_pico,548,10000,7491752,10000,0
pico,raspberry_pi_pico,549,10000,7501752,10000,0
pico,raspberry_pi_pico,550,10000,7511752,10000,0
pico,raspberry_pi_pico,551,10000,7521752,10000,0
pico,raspberry_pi_pico,552,10000,7531752,10000,0
pico,raspberry_pi_pico,553,10000,7541752,10000,0
pico,raspberry_pi_pico,554,10000,7551752,10000,0
pico,raspberry_pi_pico,555,10000,7561752,10000,0
pico,raspberry_pi_pico,556,10000,7571752,10000,0
pico,raspberry_pi_pico,557,10000,7581752,10000,0
pico,raspberry_pi_pico,558,10000,7591752,10000,0
pico,raspberry_pi_pico,559,10000,7601752,10000,0
pico,raspberry_pi_pico,560,10000,7611752,10000,0
pico,raspberry_pi_pico,561,10000,7621752,10000,0
pico,raspberry_pi_pico,562,10000,7631752,10000,0
pico,raspberry_pi_pico,563,10000,7641752,10000,0
pico,raspberry_pi_pico,564,10000,7651752,10000,0
pico,raspberry_pi_pico,565,10000,7661752,10000,0
pico,raspberry_pi_pico,566,10000,7671752,10000,0
pico,raspberry_pi_pico,567,10000,7681752,10000,0
pico,raspberry_pi_pico,568,10000,7691752,10000,0
pico,raspberry_pi_pico,569,10000,7701752,10000,0
pico,raspberry_pi_pico,570,10000,7711752,10000,0
pico,raspberry_pi_pico,571,10000,7721752,10000,0
pico,raspberry_pi_pico,572,10000,7731752,10000,0
pico,raspberry_pi_pico,573,10000,7741752,10000,0
pico,raspberry_pi_pico,574,10000,7751752,10000,0
pico,raspberry_pi_pico,575,10000,7761752,10000,0
pico,raspberry_pi_pico,576,10000,7771752,10000,0
pico,raspberry_pi_pico,577,10000,7781752,10000,0
pico,raspberry_pi_pico,578,10000,7791752,10000,0
pico,raspberry_pi_pico,579,10000,7801752,10000,0
pico,raspberry_pi_pico,580,10000,7811752,10000,0
pico,raspberry_pi_pico,581,10000,7821752,10000,0
pico,raspberry_pi_pico,582,10000,7831752,10000,0
pico,raspberry_pi_pico,583,10000,7841752,10000,0
pico,raspberry_pi_pico,584,10000,7851752,10000,0
pico,raspberry_pi_pico,585,10000,7861752,10000,0
pico,raspberry_pi_pico,586,10000,7871752,10000,0
pico,raspberry_pi_pico,587,10000,7881752,10000,0
pico,raspberry_pi_pico,588,10000,7891752,10000,0
pico,raspberry_pi_pico,589,10000,7901752,10000,0
pico,raspberry_pi_pico,590,10000,7911752,10000,0
pico,raspberry_pi_pico,591,10000,7921752,10000,0
pico,raspberry_pi_pico,592,10000,7931752,10000,0
pico,raspberry_pi_pico,593,10000,7941752,10000,0
pico,raspberry_pi_pico,594,10000,7951752,10000,0
pico,raspberry_pi_pico,595,10000,7961752,10000,0
pico,raspberry_pi_pico,596,10000,7971752,10000,0
pico,raspberry_pi_pico,597,10000,7981752,10000,0
pico,raspberry_pi_pico,598,10000,7991752,10000,0
pico,raspberry_pi_pico,599,10000,8001752,10000,0
pico,raspberry_pi_pico,600,10000,8011752,10000,0
pico,raspberry_pi_pico,601,10000,8021752,10000,0
pico,raspberry_pi_pico,602,10000,8031752,10000,0
pico,raspberry_pi_pico,603,10000,8041752,10000,0
pico,raspberry_pi_pico,604,10000,8051752,10000,0
pico,raspberry_pi_pico,605,10000,8061752,10000,0
pico,raspberry_pi_pico,606,10000,8071752,10000,0
pico,raspberry_pi_pico,607,10000,8081752,10000,0
pico,raspberry_pi_pico,608,10000,8091752,10000,0
pico,raspberry_pi_pico,609,10000,8101752,10000,0
pico,raspberry_pi_pico,610,10000,8111752,10000,0
pico,raspberry_pi_pico,611,10000,8121752,10000,0
pico,raspberry_pi_pico,612,10000,8131752,10000,0
pico,raspberry_pi_pico,613,10000,8141752,10000,0
pico,raspberry_pi_pico,614,10000,8151752,10000,0
pico,raspberry_pi_pico,615,10000,8161752,10000,0
pico,raspberry_pi_pico,616,10000,8171752,10000,0
pico,raspberry_pi_pico,617,10000,8181752,10000,0
pico,raspberry_pi_pico,618,10000,8191752,10000,0
pico,raspberry_pi_pico,619,10000,8201752,10000,0
pico,raspberry_pi_pico,620,10000,8211752,10000,0
pico,raspberry_pi_pico,621,10000,8221752,10000,0
pico,raspberry_pi_pico,622,10000,8231752,10000,0
pico,raspberry_pi_pico,623,10000,8241752,10000,0
pico,raspberry_pi_pico,624,10000,8251752,10000,0
pico,raspberry_pi_pico,625,10000,8261752,10000,0
pico,raspberry_pi_pico,626,10000,8271752,10000,0
pico,raspberry_pi_pico,627,10000,8281752,10000,0
pico,raspberry_pi_pico,628,10000,8291752,10000,0
pico,raspberry_pi_pico,629,10000,8301752,10000,0
pico,raspberry_pi_pico,630,10000,8311752,10000,0
pico,raspberry_pi_pico,631,10000,8321752,10000,0
pico,raspberry_pi_pico,632,10000,8331752,10000,0
pico,raspberry_pi_pico,633,10000,8341752,10000,0
pico,raspberry_pi_pico,634,10000,8351752,10000,0
pico,raspberry_pi_pico,635,10000,8361752,10000,0
pico,raspberry_pi_pico,636,10000,8371752,10000,0
pico,raspberry_pi_pico,637,10000,8381752,10000,0
pico,raspberry_pi_pico,638,10000,8391752,10000,0
pico,raspberry_pi_pico,639,10000,8401752,10000,0
pico,raspberry_pi_pico,640,10000,8411752,10000,0
pico,raspberry_pi_pico,641,10000,8421752,10000,0
pico,raspberry_pi_pico,642,10000,8431752,10000,0
pico,raspberry_pi_pico,643,10000,8441752,10000,0
pico,raspberry_pi_pico,644,10000,8451752,10000,0
pico,raspberry_pi_pico,645,10000,8461752,10000,0
pico,raspberry_pi_pico,646,10000,8471752,10000,0
pico,raspberry_pi_pico,647,10000,8481752,10000,0
pico,raspberry_pi_pico,648,10000,8491752,10000,0
pico,raspberry_pi_pico,649,10000,8501752,10000,0
pico,raspberry_pi_pico,650,10000,8511752,10000,0
pico,raspberry_pi_pico,651,10000,8521752,10000,0
pico,raspberry_pi_pico,652,10000,8531752,10000,0
pico,raspberry_pi_pico,653,10000,8541752,10000,0
pico,raspberry_pi_pico,654,10000,8551752,10000,0
pico,raspberry_pi_pico,655,10000,8561752,10000,0
pico,raspberry_pi_pico,656,10000,8571752,10000,0
pico,raspberry_pi_pico,657,10000,8581752,10000,0
pico,raspberry_pi_pico,658,10000,8591752,10000,0
pico,raspberry_pi_pico,659,10000,8601752,10000,0
pico,raspberry_pi_pico,660,10000,8611752,10000,0
pico,raspberry_pi_pico,661,10000,8621752,10000,0
pico,raspberry_pi_pico,662,10000,8631752,10000,0
pico,raspberry_pi_pico,663,10000,8641752,10000,0
pico,raspberry_pi_pico,664,10000,8651752,10000,0
pico,raspberry_pi_pico,665,10000,8661752,10000,0
pico,raspberry_pi_pico,666,10000,8671752,10000,0
pico,raspberry_pi_pico,667,10000,8681752,10000,0
pico,raspberry_pi_pico,668,10000,8691752,10000,0
pico,raspberry_pi_pico,669,10000,8701752,10000,0
pico,raspberry_pi_pico,670,10000,8711752,10000,0
pico,raspberry_pi_pico,671,10000,8721752,10000,0
pico,raspberry_pi_pico,672,10000,8731752,10000,0
pico,raspberry_pi_pico,673,10000,8741752,10000,0
pico,raspberry_pi_pico,674,10000,8751752,10000,0
pico,raspberry_pi_pico,675,10000,8761752,10000,0
pico,raspberry_pi_pico,676,10000,8771752,10000,0
pico,raspberry_pi_pico,677,10000,8781752,10000,0
pico,raspberry_pi_pico,678,10000,8791752,10000,0
pico,raspberry_pi_pico,679,10000,8801752,10000,0
pico,raspberry_pi_pico,680,10000,8811752,10000,0
pico,raspberry_pi_pico,681,10000,8821752,10000,0
pico,raspberry_pi_pico,682,10000,8831752,10000,0
pico,raspberry_pi_pico,683,10000,8841752,10000,0
pico,raspberry_pi_pico,684,10000,8851752,10000,0
pico,raspberry_pi_pico,685,10000,8861752,10000,0
pico,raspberry_pi_pico,686,10000,8871752,10000,0
pico,raspberry_pi_pico,687,10000,8881752,10000,0
pico,raspberry_pi_pico,688,10000,8891752,10000,0
pico,raspberry_pi_pico,689,10000,8901752,10000,0
pico,raspberry_pi_pico,690,10000,8911752,10000,0
pico,raspberry_pi_pico,691,10000,8921752,10000,0
pico,raspberry_pi_pico,692,10000,8931752,10000,0
pico,raspberry_pi_pico,693,10000,8941752,10000,0
pico,raspberry_pi_pico,694,10000,8951752,10000,0
pico,raspberry_pi_pico,695,10000,8961752,10000,0
pico,raspberry_pi_pico,696,10000,8971752,10000,0
pico,raspberry_pi_pico,697,10000,8981752,10000,0
pico,raspberry_pi_pico,698,10000,8991752,10000,0
pico,raspberry_pi_pico,699,10000,9001752,10000,0
pico,raspberry_pi_pico,700,10000,9011752,10000,0
pico,raspberry_pi_pico,701,10000,9021752,10000,0
pico,raspberry_pi_pico,702,10000,9031752,10000,0
pico,raspberry_pi_pico,703,10000,9041752,10000,0
pico,raspberry_pi_pico,704,10000,9051752,10000,0
pico,raspberry_pi_pico,705,10000,9061752,10000,0
pico,raspberry_pi_pico,706,10000,9071752,10000,0
pico,raspberry_pi_pico,707,10000,9081752,10000,0
pico,raspberry_pi_pico,708,10000,9091752,10000,0
pico,raspberry_pi_pico,709,10000,9101752,10000,0
pico,raspberry_pi_pico,710,10000,9111752,10000,0
pico,raspberry_pi_pico,711,10000,9121752,10000,0
pico,raspberry_pi_pico,712,10000,9131752,10000,0
pico,raspberry_pi_pico,713,10000,9141752,10000,0
pico,raspberry_pi_pico,714,10000,9151752,10000,0
pico,raspberry_pi_pico,715,10000,9161752,10000,0
pico,raspberry_pi_pico,716,10000,9171752,10000,0
pico,raspberry_pi_pico,717,10000,9181752,10000,0
pico,raspberry_pi_pico,718,10000,9191752,10000,0
pico,raspberry_pi_pico,719,10000,9201752,10000,0
pico,raspberry_pi_pico,720,10000,9211752,10000,0
pico,raspberry_pi_pico,721,10000,9221752,10000,0
pico,raspberry_pi_pico,722,10000,9231752,10000,0
pico,raspberry_pi_pico,723,10000,9241752,10000,0
pico,raspberry_pi_pico,724,10000,9251752,10000,0
pico,raspberry_pi_pico,725,10000,9261752,10000,0
pico,raspberry_pi_pico,726,10000,9271752,10000,0
pico,raspberry_pi_pico,727,10000,9281752,10000,0
pico,raspberry_pi_pico,728,10000,9291752,10000,0
pico,raspberry_pi_pico,729,10000,9301752,10000,0
pico,raspberry_pi_pico,730,10000,9311752,10000,0
pico,raspberry_pi_pico,731,10000,9321752,10000,0
pico,raspberry_pi_pico,732,10000,9331752,10000,0
pico,raspberry_pi_pico,733,10000,9341752,10000,0
pico,raspberry_pi_pico,734,10000,9351752,10000,0
pico,raspberry_pi_pico,735,10000,9361752,10000,0
pico,raspberry_pi_pico,736,10000,9371752,10000,0
pico,raspberry_pi_pico,737,10000,9381752,10000,0
pico,raspberry_pi_pico,738,10000,9391752,10000,0
pico,raspberry_pi_pico,739,10000,9401752,10000,0
pico,raspberry_pi_pico,740,10000,9411752,10000,0
pico,raspberry_pi_pico,741,10000,9421752,10000,0
pico,raspberry_pi_pico,742,10000,9431752,10000,0
pico,raspberry_pi_pico,743,10000,9441752,10000,0
pico,raspberry_pi_pico,744,10000,9451752,10000,0
pico,raspberry_pi_pico,745,10000,9461752,10000,0
pico,raspberry_pi_pico,746,10000,9471752,10000,0
pico,raspberry_pi_pico,747,10000,9481752,10000,0
pico,raspberry_pi_pico,748,10000,9491752,10000,0
pico,raspberry_pi_pico,749,10000,9501752,10000,0
pico,raspberry_pi_pico,750,10000,9511752,10000,0
pico,raspberry_pi_pico,751,10000,9521752,10000,0
pico,raspberry_pi_pico,752,10000,9531752,10000,0
pico,raspberry_pi_pico,753,10000,9541752,10000,0
pico,raspberry_pi_pico,754,10000,9551752,10000,0
pico,raspberry_pi_pico,755,10000,9561752,10000,0
pico,raspberry_pi_pico,756,10000,9571752,10000,0
pico,raspberry_pi_pico,757,10000,9581752,10000,0
pico,raspberry_pi_pico,758,10000,9591752,10000,0
pico,raspberry_pi_pico,759,10000,9601752,10000,0
pico,raspberry_pi_pico,760,10000,9611752,10000,0
pico,raspberry_pi_pico,761,10000,9621752,10000,0
pico,raspberry_pi_pico,762,10000,9631752,10000,0
pico,raspberry_pi_pico,763,10000,9641752,10000,0
pico,raspberry_pi_pico,764,10000,9651752,10000,0
pico,raspberry_pi_pico,765,10000,9661752,10000,0
pico,raspberry_pi_pico,766,10000,9671752,10000,0
pico,raspberry_pi_pico,767,10000,9681752,10000,0
pico,raspberry_pi_pico,768,10000,9691752,10000,0
pico,raspberry_pi_pico,769,10000,9701752,10000,0
pico,raspberry_pi_pico,770,10000,9711752,10000,0
pico,raspberry_pi_pico,771,10000,9721752,10000,0
pico,raspberry_pi_pico,772,10000,9731752,10000,0
pico,raspberry_pi_pico,773,10000,9741752,10000,0
pico,raspberry_pi_pico,774,10000,9751752,10000,0
pico,raspberry_pi_pico,775,10000,9761752,10000,0
pico,raspberry_pi_pico,776,10000,9771752,10000,0
pico,raspberry_pi_pico,777,10000,9781752,10000,0
pico,raspberry_pi_pico,778,10000,9791752,10000,0
pico,raspberry_pi_pico,779,10000,9801752,10000,0
pico,raspberry_pi_pico,780,10000,9811752,10000,0
pico,raspberry_pi_pico,781,10000,9821752,10000,0
pico,raspberry_pi_pico,782,10000,9831752,10000,0
pico,raspberry_pi_pico,783,10000,9841752,10000,0
pico,raspberry_pi_pico,784,10000,9851752,10000,0
pico,raspberry_pi_pico,785,10000,9861752,10000,0
pico,raspberry_pi_pico,786,10000,9871752,10000,0
pico,raspberry_pi_pico,787,10000,9881752,10000,0
pico,raspberry_pi_pico,788,10000,9891752,10000,0
pico,raspberry_pi_pico,789,10000,9901752,10000,0
pico,raspberry_pi_pico,790,10000,9911752,10000,0
pico,raspberry_pi_pico,791,10000,9921752,10000,0
pico,raspberry_pi_pico,792,10000,9931752,10000,0
pico,raspberry_pi_pico,793,10000,9941752,10000,0
pico,raspberry_pi_pico,794,10000,9951752,10000,0
pico,raspberry_pi_pico,795,10000,9961752,10000,0
pico,raspberry_pi_pico,796,10000,9971752,10000,0
pico,raspberry_pi_pico,797,10000,9981752,10000,0
pico,raspberry_pi_pico,798,10000,9991752,10000,0
pico,raspberry_pi_pico,799,10000,10001752,10000,0
pico,raspberry_pi_pico,800,10000,10011752,10000,0
pico,raspberry_pi_pico,801,10000,10021752,10000,0
pico,raspberry_pi_pico,802,10000,10031752,10000,0
pico,raspberry_pi_pico,803,10000,10041752,10000,0
pico,raspberry_pi_pico,804,10000,10051752,10000,0
pico,raspberry_pi_pico,805,10000,10061752,10000,0
pico,raspberry_pi_pico,806,10000,10071752,10000,0
pico,raspberry_pi_pico,807,10000,10081752,10000,0
pico,raspberry_pi_pico,808,10000,10091752,10000,0
pico,raspberry_pi_pico,809,10000,10101752,10000,0
pico,raspberry_pi_pico,810,10000,10111752,10000,0
pico,raspberry_pi_pico,811,10000,10121752,10000,0
pico,raspberry_pi_pico,812,10000,10131752,10000,0
pico,raspberry_pi_pico,813,10000,10141752,10000,0
pico,raspberry_pi_pico,814,10000,10151752,10000,0
pico,raspberry_pi_pico,815,10000,10161752,10000,0
pico,raspberry_pi_pico,816,10000,10171752,10000,0
pico,raspberry_pi_pico,817,10000,10181752,10000,0
pico,raspberry_pi_pico,818,10000,10191752,10000,0
pico,raspberry_pi_pico,819,10000,10201752,10000,0
pico,raspberry_pi_pico,820,10000,10211752,10000,0
pico,raspberry_pi_pico,821,10000,10221752,10000,0
pico,raspberry_pi_pico,822,10000,10231752,10000,0
pico,raspberry_pi_pico,823,10000,10241752,10000,0
pico,raspberry_pi_pico,824,10000,10251752,10000,0
pico,raspberry_pi_pico,825,10000,10261752,10000,0
pico,raspberry_pi_pico,826,10000,10271752,10000,0
pico,raspberry_pi_pico,827,10000,10281752,10000,0
pico,raspberry_pi_pico,828,10000,10291752,10000,0
pico,raspberry_pi_pico,829,10000,10301752,10000,0
pico,raspberry_pi_pico,830,10000,10311752,10000,0
pico,raspberry_pi_pico,831,10000,10321752,10000,0
pico,raspberry_pi_pico,832,10000,10331752,10000,0
pico,raspberry_pi_pico,833,10000,10341752,10000,0
pico,raspberry_pi_pico,834,10000,10351752,10000,0
pico,raspberry_pi_pico,835,10000,10361752,10000,0
pico,raspberry_pi_pico,836,10000,10371752,10000,0
pico,raspberry_pi_pico,837,10000,10381752,10000,0
pico,raspberry_pi_pico,838,10000,10391752,10000,0
pico,raspberry_pi_pico,839,10000,10401752,10000,0
pico,raspberry_pi_pico,840,10000,10411752,10000,0
pico,raspberry_pi_pico,841,10000,10421752,10000,0
pico,raspberry_pi_pico,842,10000,10431752,10000,0
pico,raspberry_pi_pico,843,10000,10441752,10000,0
pico,raspberry_pi_pico,844,10000,10451752,10000,0
pico,raspberry_pi_pico,845,10000,10461752,10000,0
pico,raspberry_pi_pico,846,10000,10471752,10000,0
pico,raspberry_pi_pico,847,10000,10481752,10000,0
pico,raspberry_pi_pico,848,10000,10491752,10000,0
pico,raspberry_pi_pico,849,10000,10501752,10000,0
pico,raspberry_pi_pico,850,10000,10511752,10000,0
pico,raspberry_pi_pico,851,10000,10521752,10000,0
pico,raspberry_pi_pico,852,10000,10531752,10000,0
pico,raspberry_pi_pico,853,10000,10541752,10000,0
pico,raspberry_pi_pico,854,10000,10551752,10000,0
pico,raspberry_pi_pico,855,10000,10561752,10000,0
pico,raspberry_pi_pico,856,10000,10571752,10000,0
pico,raspberry_pi_pico,857,10000,10581752,10000,0
pico,raspberry_pi_pico,858,10000,10591752,10000,0
pico,raspberry_pi_pico,859,10000,10601752,10000,0
pico,raspberry_pi_pico,860,10000,10611752,10000,0
pico,raspberry_pi_pico,861,10000,10621752,10000,0
pico,raspberry_pi_pico,862,10000,10631752,10000,0
pico,raspberry_pi_pico,863,10000,10641752,10000,0
pico,raspberry_pi_pico,864,10000,10651752,10000,0
pico,raspberry_pi_pico,865,10000,10661752,10000,0
pico,raspberry_pi_pico,866,10000,10671752,10000,0
pico,raspberry_pi_pico,867,10000,10681752,10000,0
pico,raspberry_pi_pico,868,10000,10691752,10000,0
pico,raspberry_pi_pico,869,10000,10701752,10000,0
pico,raspberry_pi_pico,870,10000,10711752,10000,0
pico,raspberry_pi_pico,871,10000,10721752,10000,0
pico,raspberry_pi_pico,872,10000,10731752,10000,0
pico,raspberry_pi_pico,873,10000,10741752,10000,0
pico,raspberry_pi_pico,874,10000,10751752,10000,0
pico,raspberry_pi_pico,875,10000,10761752,10000,0
pico,raspberry_pi_pico,876,10000,10771752,10000,0
pico,raspberry_pi_pico,877,10000,10781752,10000,0
pico,raspberry_pi_pico,878,10000,10791752,10000,0
pico,raspberry_pi_pico,879,10000,10801752,10000,0
pico,raspberry_pi_pico,880,10000,10811752,10000,0
pico,raspberry_pi_pico,881,10000,10821752,10000,0
pico,raspberry_pi_pico,882,10000,10831752,10000,0
pico,raspberry_pi_pico,883,10000,10841752,10000,0
pico,raspberry_pi_pico,884,10000,10851752,10000,0
pico,raspberry_pi_pico,885,10000,10861752,10000,0
pico,raspberry_pi_pico,886,10000,10871752,10000,0
pico,raspberry_pi_pico,887,10000,10881752,10000,0
pico,raspberry_pi_pico,888,10000,10891752,10000,0
pico,raspberry_pi_pico,889,10000,10901752,10000,0
pico,raspberry_pi_pico,890,10000,10911752,10000,0
pico,raspberry_pi_pico,891,10000,10921752,10000,0
pico,raspberry_pi_pico,892,10000,10931752,10000,0
pico,raspberry_pi_pico,893,10000,10941752,10000,0
pico,raspberry_pi_pico,894,10000,10951752,10000,0
pico,raspberry_pi_pico,895,10000,10961752,10000,0
pico,raspberry_pi_pico,896,10000,10971752,10000,0
pico,raspberry_pi_pico,897,10000,10981752,10000,0
pico,raspberry_pi_pico,898,10000,10991752,10000,0
pico,raspberry_pi_pico,899,10000,11001752,10000,0
pico,raspberry_pi_pico,900,10000,11011752,10000,0
pico,raspberry_pi_pico,901,10000,11021752,10000,0
pico,raspberry_pi_pico,902,10000,11031752,10000,0
pico,raspberry_pi_pico,903,10000,11041752,10000,0
pico,raspberry_pi_pico,904,10000,11051752,10000,0
pico,raspberry_pi_pico,905,10000,11061752,10000,0
pico,raspberry_pi_pico,906,10000,11071752,10000,0
pico,raspberry_pi_pico,907,10000,11081752,10000,0
pico,raspberry_pi_pico,908,10000,11091752,10000,0
pico,raspberry_pi_pico,909,10000,11101752,10000,0
pico,raspberry_pi_pico,910,10000,11111752,10000,0
pico,raspberry_pi_pico,911,10000,11121752,10000,0
pico,raspberry_pi_pico,912,10000,11131752,10000,0
pico,raspberry_pi_pico,913,10000,11141752,10000,0
pico,raspberry_pi_pico,914,10000,11151752,10000,0
pico,raspberry_pi_pico,915,10000,11161752,10000,0
pico,raspberry_pi_pico,916,10000,11171752,10000,0
pico,raspberry_pi_pico,917,10000,11181752,10000,0
pico,raspberry_pi_pico,918,10000,11191752,10000,0
pico,raspberry_pi_pico,919,10000,11201752,10000,0
pico,raspberry_pi_pico,920,10000,11211752,10000,0
pico,raspberry_pi_pico,921,10000,11221752,10000,0
pico,raspberry_pi_pico,922,10000,11231752,10000,0
pico,raspberry_pi_pico,923,10000,11241752,10000,0
pico,raspberry_pi_pico,924,10000,11251752,10000,0
pico,raspberry_pi_pico,925,10000,11261752,10000,0
pico,raspberry_pi_pico,926,10000,11271752,10000,0
pico,raspberry_pi_pico,927,10000,11281752,10000,0
pico,raspberry_pi_pico,928,10000,11291752,10000,0
pico,raspberry_pi_pico,929,10000,11301752,10000,0
pico,raspberry_pi_pico,930,10000,11311752,10000,0
pico,raspberry_pi_pico,931,10000,11321752,10000,0
pico,raspberry_pi_pico,932,10000,11331752,10000,0
pico,raspberry_pi_pico,933,10000,11341752,10000,0
pico,raspberry_pi_pico,934,10000,11351752,10000,0
pico,raspberry_pi_pico,935,10000,11361752,10000,0
pico,raspberry_pi_pico,936,10000,11371752,10000,0
pico,raspberry_pi_pico,937,10000,11381752,10000,0
pico,raspberry_pi_pico,938,10000,11391752,10000,0
pico,raspberry_pi_pico,939,10000,11401752,10000,0
pico,raspberry_pi_pico,940,10000,11411752,10000,0
pico,raspberry_pi_pico,941,10000,11421752,10000,0
pico,raspberry_pi_pico,942,10000,11431752,10000,0
pico,raspberry_pi_pico,943,10000,11441752,10000,0
pico,raspberry_pi_pico,944,10000,11451752,10000,0
pico,raspberry_pi_pico,945,10000,11461752,10000,0
pico,raspberry_pi_pico,946,10000,11471752,10000,0
pico,raspberry_pi_pico,947,10000,11481752,10000,0
pico,raspberry_pi_pico,948,10000,11491752,10000,0
pico,raspberry_pi_pico,949,10000,11501752,10000,0
pico,raspberry_pi_pico,950,10000,11511752,10000,0
pico,raspberry_pi_pico,951,10000,11521752,10000,0
pico,raspberry_pi_pico,952,10000,11531752,10000,0
pico,raspberry_pi_pico,953,10000,11541752,10000,0
pico,raspberry_pi_pico,954,10000,11551752,10000,0
pico,raspberry_pi_pico,955,10000,11561752,10000,0
pico,raspberry_pi_pico,956,10000,11571752,10000,0
pico,raspberry_pi_pico,957,10000,11581752,10000,0
pico,raspberry_pi_pico,958,10000,11591752,10000,0
pico,raspberry_pi_pico,959,10000,11601752,10000,0
pico,raspberry_pi_pico,960,10000,11611752,10000,0
pico,raspberry_pi_pico,961,10000,11621752,10000,0
pico,raspberry_pi_pico,962,10000,11631752,10000,0
pico,raspberry_pi_pico,963,10000,11641752,10000,0
pico,raspberry_pi_pico,964,10000,11651752,10000,0
pico,raspberry_pi_pico,965,10000,11661752,10000,0
pico,raspberry_pi_pico,966,10000,11671752,10000,0
pico,raspberry_pi_pico,967,10000,11681752,10000,0
pico,raspberry_pi_pico,968,10000,11691752,10000,0
pico,raspberry_pi_pico,969,10000,11701752,10000,0
pico,raspberry_pi_pico,970,10000,11711752,10000,0
pico,raspberry_pi_pico,971,10000,11721752,10000,0
pico,raspberry_pi_pico,972,10000,11731752,10000,0
pico,raspberry_pi_pico,973,10000,11741752,10000,0
pico,raspberry_pi_pico,974,10000,11751752,10000,0
pico,raspberry_pi_pico,975,10000,11761752,10000,0
pico,raspberry_pi_pico,976,10000,11771752,10000,0
pico,raspberry_pi_pico,977,10000,11781752,10000,0
pico,raspberry_pi_pico,978,10000,11791752,10000,0
pico,raspberry_pi_pico,979,10000,11801752,10000,0
pico,raspberry_pi_pico,980,10000,11811752,10000,0
pico,raspberry_pi_pico,981,10000,11821752,10000,0
pico,raspberry_pi_pico,982,10000,11831752,10000,0
pico,raspberry_pi_pico,983,10000,11841752,10000,0
pico,raspberry_pi_pico,984,10000,11851752,10000,0
pico,raspberry_pi_pico,985,10000,11861752,10000,0
pico,raspberry_pi_pico,986,10000,11871752,10000,0
pico,raspberry_pi_pico,987,10000,11881752,10000,0
pico,raspberry_pi_pico,988,10000,11891752,10000,0
pico,raspberry_pi_pico,989,10000,11901752,10000,0
pico,raspberry_pi_pico,990,10000,11911752,10000,0
pico,raspberry_pi_pico,991,10000,11921752,10000,0
pico,raspberry_pi_pico,992,10000,11931752,10000,0
pico,raspberry_pi_pico,993,10000,11941752,10000,0
pico,raspberry_pi_pico,994,10000,11951752,10000,0
pico,raspberry_pi_pico,995,10000,11961752,10000,0
pico,raspberry_pi_pico,996,10000,11971752,10000,0
pico,raspberry_pi_pico,997,10000,11981752,10000,0
pico,raspberry_pi_pico,998,10000,11991752,10000,0
pico,raspberry_pi_pico,999,10000,12001752,10000,0
pico,raspberry_pi_pico,1000,10000,12011752,10000,0
