mode,board,sample_index,period_target_us,timestamp_us,delta_us,jitter_us
baremetal,pico,1,10000,2000681,0,0
baremetal,pico,2,10000,2011570,10889,889
baremetal,pico,3,10000,2022451,10881,881
baremetal,pico,4,10000,2033332,10881,881
baremetal,pico,5,10000,2041493,8161,-1839
baremetal,pico,6,10000,2052375,10882,882
baremetal,pico,7,10000,2063256,10881,881
baremetal,pico,8,10000,2071417,8161,-1839
baremetal,pico,9,10000,2082298,10881,881
baremetal,pico,10,10000,2093180,10882,882
baremetal,pico,11,10000,2101341,8161,-1839
baremetal,pico,12,10000,2112222,10881,881
baremetal,pico,13,10000,2123103,10881,881
baremetal,pico,14,10000,2131264,8161,-1839
baremetal,pico,15,10000,2142145,10881,881
baremetal,pico,16,10000,2153027,10882,882
baremetal,pico,17,10000,2161188,8161,-1839
baremetal,pico,18,10000,2172069,10881,881
baremetal,pico,19,10000,2182950,10881,881
baremetal,pico,20,10000,2191111,8161,-1839
baremetal,pico,21,10000,2201993,10882,882
baremetal,pico,22,10000,2212874,10881,881
baremetal,pico,23,10000,2221035,8161,-1839
baremetal,pico,24,10000,2231916,10881,881
baremetal,pico,25,10000,2242797,10881,881
baremetal,pico,26,10000,2250958,8161,-1839
baremetal,pico,27,10000,2261840,10882,882
baremetal,pico,28,10000,2272721,10881,881
baremetal,pico,29,10000,2280882,8161,-1839
baremetal,pico,30,10000,2291763,10881,881
baremetal,pico,31,10000,2302645,10882,882
baremetal,pico,32,10000,2310806,8161,-1839
baremetal,pico,33,10000,2321687,10881,881
baremetal,pico,34,10000,2332568,10881,881
baremetal,pico,35,10000,2340729,8161,-1839
baremetal,pico,36,10000,2351610,10881,881
baremetal,pico,37,10000,2362492,10882,882
baremetal,pico,38,10000,2373373,10881,881
baremetal,pico,39,10000,2381534,8161,-1839
baremetal,pico,40,10000,2392415,10881,881
baremetal,pico,41,10000,2403297,10882,882
baremetal,pico,42,10000,2411457,8160,-1840
baremetal,pico,43,10000,2422339,10882,882
baremetal,pico,44,10000,2433220,10881,881
baremetal,pico,45,10000,2441381,8161,-1839
baremetal,pico,46,10000,2452262,10881,881
baremetal,pico,47,10000,2463144,10882,882
baremetal,pico,48,10000,2471305,8161,-1839
baremetal,pico,49,10000,2482186,10881,881
baremetal,pico,50,10000,2493067,10881,881
baremetal,pico,51,10000,2501228,8161,-1839
baremetal,pico,52,10000,2512109,10881,881
baremetal,pico,53,10000,2522991,10882,882
baremetal,pico,54,10000,2531152,8161,-1839
baremetal,pico,55,10000,2542033,10881,881
baremetal,pico,56,10000,2552914,10881,881
baremetal,pico,57,10000,2561075,8161,-1839
baremetal,pico,58,10000,2571957,10882,882
baremetal,pico,59,10000,2582838,10881,881
baremetal,pico,60,10000,2590999,8161,-1839
baremetal,pico,61,10000,2601880,10881,881
baremetal,pico,62,10000,2612761,10881,881
baremetal,pico,63,10000,2620922,8161,-1839
baremetal,pico,64,10000,2631804,10882,882
baremetal,pico,65,10000,2642685,10881,881
baremetal,pico,66,10000,2650846,8161,-1839
baremetal,pico,67,10000,2661727,10881,881
baremetal,pico,68,10000,2672609,10882,882
baremetal,pico,69,10000,2680770,8161,-1839
baremetal,pico,70,10000,2691651,10881,881
baremetal,pico,71,10000,2702532,10881,881
baremetal,pico,72,10000,2710693,8161,-1839
baremetal,pico,73,10000,2721574,10881,881
baremetal,pico,74,10000,2732456,10882,882
baremetal,pico,75,10000,2743337,10881,881
baremetal,pico,76,10000,2751498,8161,-1839
baremetal,pico,77,10000,2762379,10881,881
baremetal,pico,78,10000,2773261,10882,882
baremetal,pico,79,10000,2781422,8161,-1839
baremetal,pico,80,10000,2792303,10881,881
baremetal,pico,81,10000,2803184,10881,881
baremetal,pico,82,10000,2811345,8161,-1839
baremetal,pico,83,10000,2822226,10881,881
baremetal,pico,84,10000,2833108,10882,882
baremetal,pico,85,10000,2841269,8161,-1839
baremetal,pico,86,10000,2852150,10881,881
baremetal,pico,87,10000,2863031,10881,881
baremetal,pico,88,10000,2871192,8161,-1839
baremetal,pico,89,10000,2882074,10882,882
baremetal,pico,90,10000,2892955,10881,881
baremetal,pico,91,10000,2901116,8161,-1839
baremetal,pico,92,10000,2911997,10881,881
baremetal,pico,93,10000,2922878,10881,881
baremetal,pico,94,10000,2931039,8161,-1839
baremetal,pico,95,10000,2941921,10882,882
baremetal,pico,96,10000,2952802,10881,881
baremetal,pico,97,10000,2960963,8161,-1839
baremetal,pico,98,10000,2971844,10881,881
baremetal,pico,99,10000,2982726,10882,882
baremetal,pico,100,10000,2990887,8161,-1839
baremetal,pico,101,10000,3001768,10881,881
baremetal,pico,102,10000,3012649,10881,881
baremetal,pico,103,10000,3020810,8161,-1839
baremetal,pico,104,10000,3031691,10881,881
baremetal,pico,105,10000,3042573,10882,882
baremetal,pico,106,10000,3050734,8161,-1839
baremetal,pico,107,10000,3061615,10881,881
baremetal,pico,108,10000,3072496,10881,881
baremetal,pico,109,10000,3083378,10882,882
baremetal,pico,110,10000,3091539,8161,-1839
baremetal,pico,111,10000,3102420,10881,881
baremetal,pico,112,10000,3113301,10881,881
baremetal,pico,113,10000,3121462,8161,-1839
baremetal,pico,114,10000,3132343,10881,881
baremetal,pico,115,10000,3143225,10882,882
baremetal,pico,116,10000,3151386,8161,-1839
baremetal,pico,117,10000,3162267,10881,881
baremetal,pico,118,10000,3173148,10881,881
baremetal,pico,119,10000,3181309,8161,-1839
baremetal,pico,120,10000,3192191,10882,882
baremetal,pico,121,10000,3203072,10881,881
baremetal,pico,122,10000,3211233,8161,-1839
baremetal,pico,123,10000,3222114,10881,881
baremetal,pico,124,10000,3232995,10881,881
baremetal,pico,125,10000,3241156,8161,-1839
baremetal,pico,126,10000,3252038,10882,882
baremetal,pico,127,10000,3262919,10881,881
baremetal,pico,128,10000,3271080,8161,-1839
baremetal,pico,129,10000,3281961,10881,881
baremetal,pico,130,10000,3292843,10882,882
baremetal,pico,131,10000,3301004,8161,-1839
baremetal,pico,132,10000,3311885,10881,881
baremetal,pico,133,10000,3322766,10881,881
baremetal,pico,134,10000,3330927,8161,-1839
baremetal,pico,135,10000,3341808,10881,881
baremetal,pico,136,10000,3352690,10882,882
baremetal,pico,137,10000,3360851,8161,-1839
baremetal,pico,138,10000,3371732,10881,881
baremetal,pico,139,10000,3382613,10881,881
baremetal,pico,140,10000,3390774,8161,-1839
baremetal,pico,141,10000,3401656,10882,882
baremetal,pico,142,10000,3412537,10881,881
baremetal,pico,143,10000,3420698,8161,-1839
baremetal,pico,144,10000,3431579,10881,881
baremetal,pico,145,10000,3442460,10881,881
baremetal,pico,146,10000,3453342,10882,882
baremetal,pico,147,10000,3461503,8161,-1839
baremetal,pico,148,10000,3472384,10881,881
baremetal,pico,149,10000,3483265,10881,881
baremetal,pico,150,10000,3491426,8161,-1839
baremetal,pico,151,10000,3502308,10882,882
baremetal,pico,152,10000,3513189,10881,881
baremetal,pico,153,10000,3521350,8161,-1839
baremetal,pico,154,10000,3532231,10881,881
baremetal,pico,155,10000,3543112,10881,881
baremetal,pico,156,10000,3551273,8161,-1839
baremetal,pico,157,10000,3562155,10882,882
baremetal,pico,158,10000,3573036,10881,881
baremetal,pico,159,10000,3581197,8161,-1839
baremetal,pico,160,10000,3592078,10881,881
baremetal,pico,161,10000,3602960,10882,882
baremetal,pico,162,10000,3611121,8161,-1839
baremetal,pico,163,10000,3622002,10881,881
baremetal,pico,164,10000,3632883,10881,881
baremetal,pico,165,10000,3641044,8161,-1839
baremetal,pico,166,10000,3651925,10881,881
baremetal,pico,167,10000,3662807,10882,882
baremetal,pico,168,10000,3670968,8161,-1839
baremetal,pico,169,10000,3681849,10881,881
baremetal,pico,170,10000,3692730,10881,881
baremetal,pico,171,10000,3700891,8161,-1839
baremetal,pico,172,10000,3711773,10882,882
baremetal,pico,173,10000,3722654,10881,881
baremetal,pico,174,10000,3730815,8161,-1839
baremetal,pico,175,10000,3741696,10881,881
baremetal,pico,176,10000,3752577,10881,881
baremetal,pico,177,10000,3760738,8161,-1839
baremetal,pico,178,10000,3771620,10882,882
baremetal,pico,179,10000,3782501,10881,881
baremetal,pico,180,10000,3793382,10881,881
baremetal,pico,181,10000,3801543,8161,-1839
baremetal,pico,182,10000,3812424,10881,881
baremetal,pico,183,10000,3823306,10882,882
baremetal,pico,184,10000,3831467,8161,-1839
baremetal,pico,185,10000,3842348,10881,881
baremetal,pico,186,10000,3853229,10881,881
baremetal,pico,187,10000,3861390,8161,-1839
baremetal,pico,188,10000,3872272,10882,882
baremetal,pico,189,10000,3883153,10881,881
baremetal,pico,190,10000,3891314,8161,-1839
baremetal,pico,191,10000,3902195,10881,881
baremetal,pico,192,10000,3913076,10881,881
baremetal,pico,193,10000,3921237,8161,-1839
baremetal,pico,194,10000,3932119,10882,882
baremetal,pico,195,10000,3943000,10881,881
baremetal,pico,196,10000,3951161,8161,-1839
baremetal,pico,197,10000,3962042,10881,881
baremetal,pico,198,10000,3972924,10882,882
baremetal,pico,199,10000,3981085,8161,-1839
baremetal,pico,200,10000,3991966,10881,881
baremetal,pico,201,10000,4002847,10881,881
baremetal,pico,202,10000,4011008,8161,-1839
baremetal,pico,203,10000,4021889,10881,881
baremetal,pico,204,10000,4032771,10882,882
baremetal,pico,205,10000,4040932,8161,-1839
baremetal,pico,206,10000,4051813,10881,881
baremetal,pico,207,10000,4062694,10881,881
baremetal,pico,208,10000,4070855,8161,-1839
baremetal,pico,209,10000,4081737,10882,882
baremetal,pico,210,10000,4092618,10881,881
baremetal,pico,211,10000,4100779,8161,-1839
baremetal,pico,212,10000,4111660,10881,881
baremetal,pico,213,10000,4122541,10881,881
baremetal,pico,214,10000,4130702,8161,-1839
baremetal,pico,215,10000,4141584,10882,882
baremetal,pico,216,10000,4152465,10881,881
baremetal,pico,217,10000,4163346,10881,881
baremetal,pico,218,10000,4171507,8161,-1839
baremetal,pico,219,10000,4182389,10882,882
baremetal,pico,220,10000,4193270,10881,881
baremetal,pico,221,10000,4201431,8161,-1839
baremetal,pico,222,10000,4212312,10881,881
baremetal,pico,223,10000,4223193,10881,881
baremetal,pico,224,10000,4231354,8161,-1839
baremetal,pico,225,10000,4242236,10882,882
baremetal,pico,226,10000,4253117,10881,881
baremetal,pico,227,10000,4261278,8161,-1839
baremetal,pico,228,10000,4272159,10881,881
baremetal,pico,229,10000,4283041,10882,882
baremetal,pico,230,10000,4291202,8161,-1839
baremetal,pico,231,10000,4302083,10881,881
baremetal,pico,232,10000,4312964,10881,881
baremetal,pico,233,10000,4321125,8161,-1839
baremetal,pico,234,10000,4332006,10881,881
baremetal,pico,235,10000,4342888,10882,882
baremetal,pico,236,10000,4351049,8161,-1839
baremetal,pico,237,10000,4361930,10881,881
baremetal,pico,238,10000,4372811,10881,881
baremetal,pico,239,10000,4380972,8161,-1839
baremetal,pico,240,10000,4391854,10882,882
baremetal,pico,241,10000,4402735,10881,881
baremetal,pico,242,10000,4410896,8161,-1839
baremetal,pico,243,10000,4421777,10881,881
baremetal,pico,244,10000,4432658,10881,881
baremetal,pico,245,10000,4440819,8161,-1839
baremetal,pico,246,10000,4451701,10882,882
baremetal,pico,247,10000,4462582,10881,881
baremetal,pico,248,10000,4470743,8161,-1839
baremetal,pico,249,10000,4481624,10881,881
baremetal,pico,250,10000,4492506,10882,882
baremetal,pico,251,10000,4503387,10881,881
baremetal,pico,252,10000,4511548,8161,-1839
baremetal,pico,253,10000,4522429,10881,881
baremetal,pico,254,10000,4533310,10881,881
baremetal,pico,255,10000,4541471,8161,-1839
baremetal,pico,256,10000,4552353,10882,882
baremetal,pico,257,10000,4563234,10881,881
baremetal,pico,258,10000,4571395,8161,-1839
baremetal,pico,259,10000,4582276,10881,881
baremetal,pico,260,10000,4593158,10882,882
baremetal,pico,261,10000,4601319,8161,-1839
baremetal,pico,262,10000,4612200,10881,881
baremetal,pico,263,10000,4623081,10881,881
baremetal,pico,264,10000,4631242,8161,-1839
baremetal,pico,265,10000,4642123,10881,881
baremetal,pico,266,10000,4653005,10882,882
baremetal,pico,267,10000,4661166,8161,-1839
baremetal,pico,268,10000,4672047,10881,881
baremetal,pico,269,10000,4682928,10881,881
baremetal,pico,270,10000,4691089,8161,-1839
baremetal,pico,271,10000,4701971,10882,882
baremetal,pico,272,10000,4712852,10881,881
baremetal,pico,273,10000,4721013,8161,-1839
baremetal,pico,274,10000,4731894,10881,881
baremetal,pico,275,10000,4742775,10881,881
baremetal,pico,276,10000,4750936,8161,-1839
baremetal,pico,277,10000,4761818,10882,882
baremetal,pico,278,10000,4772699,10881,881
baremetal,pico,279,10000,4780860,8161,-1839
baremetal,pico,280,10000,4791741,10881,881
baremetal,pico,281,10000,4802623,10882,882
baremetal,pico,282,10000,4810784,8161,-1839
baremetal,pico,283,10000,4821665,10881,881
baremetal,pico,284,10000,4832546,10881,881
baremetal,pico,285,10000,4840707,8161,-1839
baremetal,pico,286,10000,4851588,10881,881
baremetal,pico,287,10000,4862470,10882,882
baremetal,pico,288,10000,4873351,10881,881
baremetal,pico,289,10000,4881512,8161,-1839
baremetal,pico,290,10000,4892393,10881,881
baremetal,pico,291,10000,4903275,10882,882
baremetal,pico,292,10000,4911436,8161,-1839
baremetal,pico,293,10000,4922317,10881,881
baremetal,pico,294,10000,4933198,10881,881
baremetal,pico,295,10000,4941359,8161,-1839
baremetal,pico,296,10000,4952240,10881,881
baremetal,pico,297,10000,4963122,10882,882
baremetal,pico,298,10000,4971283,8161,-1839
baremetal,pico,299,10000,4982164,10881,881
baremetal,pico,300,10000,4993045,10881,881
baremetal,pico,301,10000,5001206,8161,-1839
baremetal,pico,302,10000,5012088,10882,882
baremetal,pico,303,10000,5022969,10881,881
baremetal,pico,304,10000,5031130,8161,-1839
baremetal,pico,305,10000,5042011,10881,881
baremetal,pico,306,10000,5052892,10881,881
baremetal,pico,307,10000,5061053,8161,-1839
baremetal,pico,308,10000,5071935,10882,882
baremetal,pico,309,10000,5082816,10881,881
baremetal,pico,310,10000,5090977,8161,-1839
baremetal,pico,311,10000,5101858,10881,881
baremetal,pico,312,10000,5112740,10882,882
baremetal,pico,313,10000,5120900,8160,-1840
baremetal,pico,314,10000,5131782,10882,882
baremetal,pico,315,10000,5142663,10881,881
baremetal,pico,316,10000,5150824,8161,-1839
baremetal,pico,317,10000,5161705,10881,881
baremetal,pico,318,10000,5172587,10882,882
baremetal,pico,319,10000,5180748,8161,-1839
baremetal,pico,320,10000,5191629,10881,881
baremetal,pico,321,10000,5202510,10881,881
baremetal,pico,322,10000,5213391,10881,881
baremetal,pico,323,10000,5221552,8161,-1839
baremetal,pico,324,10000,5232434,10882,882
baremetal,pico,325,10000,5243315,10881,881
baremetal,pico,326,10000,5251476,8161,-1839
baremetal,pico,327,10000,5262357,10881,881
baremetal,pico,328,10000,5273239,10882,882
baremetal,pico,329,10000,5281400,8161,-1839
baremetal,pico,330,10000,5292281,10881,881
baremetal,pico,331,10000,5303162,10881,881
baremetal,pico,332,10000,5311323,8161,-1839
baremetal,pico,333,10000,5322204,10881,881
baremetal,pico,334,10000,5333086,10882,882
baremetal,pico,335,10000,5341247,8161,-1839
baremetal,pico,336,10000,5352128,10881,881
baremetal,pico,337,10000,5363009,10881,881
baremetal,pico,338,10000,5371170,8161,-1839
baremetal,pico,339,10000,5382052,10882,882
baremetal,pico,340,10000,5392933,10881,881
baremetal,pico,341,10000,5401094,8161,-1839
baremetal,pico,342,10000,5411975,10881,881
baremetal,pico,343,10000,5422856,10881,881
baremetal,pico,344,10000,5431017,8161,-1839
baremetal,pico,345,10000,5441899,10882,882
baremetal,pico,346,10000,5452780,10881,881
baremetal,pico,347,10000,5460941,8161,-1839
baremetal,pico,348,10000,5471822,10881,881
baremetal,pico,349,10000,5482704,10882,882
baremetal,pico,350,10000,5490865,8161,-1839
baremetal,pico,351,10000,5501746,10881,881
baremetal,pico,352,10000,5512627,10881,881
baremetal,pico,353,10000,5520788,8161,-1839
baremetal,pico,354,10000,5531669,10881,881
baremetal,pico,355,10000,5542551,10882,882
baremetal,pico,356,10000,5550712,8161,-1839
baremetal,pico,357,10000,5561593,10881,881
baremetal,pico,358,10000,5572474,10881,881
baremetal,pico,359,10000,5583356,10882,882
baremetal,pico,360,10000,5591517,8161,-1839
baremetal,pico,361,10000,5602398,10881,881
baremetal,pico,362,10000,5613279,10881,881
baremetal,pico,363,10000,5621440,8161,-1839
baremetal,pico,364,10000,5632321,10881,881
baremetal,pico,365,10000,5643203,10882,882
baremetal,pico,366,10000,5651364,8161,-1839
baremetal,pico,367,10000,5662245,10881,881
baremetal,pico,368,10000,5673126,10881,881
baremetal,pico,369,10000,5681287,8161,-1839
baremetal,pico,370,10000,5692169,10882,882
baremetal,pico,371,10000,5703050,10881,881
baremetal,pico,372,10000,5711211,8161,-1839
baremetal,pico,373,10000,5722092,10881,881
baremetal,pico,374,10000,5732973,10881,881
baremetal,pico,375,10000,5741134,8161,-1839
baremetal,pico,376,10000,5752016,10882,882
baremetal,pico,377,10000,5762897,10881,881
baremetal,pico,378,10000,5771058,8161,-1839
baremetal,pico,379,10000,5781939,10881,881
baremetal,pico,380,10000,5792821,10882,882
baremetal,pico,381,10000,5800982,8161,-1839
baremetal,pico,382,10000,5811863,10881,881
baremetal,pico,383,10000,5822744,10881,881
baremetal,pico,384,10000,5830905,8161,-1839
baremetal,pico,385,10000,5841786,10881,881
baremetal,pico,386,10000,5852668,10882,882
baremetal,pico,387,10000,5860829,8161,-1839
baremetal,pico,388,10000,5871710,10881,881
baremetal,pico,389,10000,5882591,10881,881
baremetal,pico,390,10000,5890752,8161,-1839
baremetal,pico,391,10000,5901634,10882,882
baremetal,pico,392,10000,5912515,10881,881
baremetal,pico,393,10000,5923396,10881,881
baremetal,pico,394,10000,5931557,8161,-1839
baremetal,pico,395,10000,5942438,10881,881
baremetal,pico,396,10000,5953320,10882,882
baremetal,pico,397,10000,5961481,8161,-1839
baremetal,pico,398,10000,5972362,10881,881
baremetal,pico,399,10000,5983243,10881,881
baremetal,pico,400,10000,5991404,8161,-1839
baremetal,pico,401,10000,6002286,10882,882
baremetal,pico,402,10000,6013167,10881,881
baremetal,pico,403,10000,6021328,8161,-1839
baremetal,pico,404,10000,6032209,10881,881
baremetal,pico,405,10000,6043090,10881,881
baremetal,pico,406,10000,6051251,8161,-1839
baremetal,pico,407,10000,6062133,10882,882
baremetal,pico,408,10000,6073014,10881,881
baremetal,pico,409,10000,6081175,8161,-1839
baremetal,pico,410,10000,6092056,10881,881
baremetal,pico,411,10000,6102938,10882,882
baremetal,pico,412,10000,6111099,8161,-1839
baremetal,pico,413,10000,6121980,10881,881
baremetal,pico,414,10000,6132861,10881,881
baremetal,pico,415,10000,6141022,8161,-1839
baremetal,pico,416,10000,6151903,10881,881
baremetal,pico,417,10000,6162785,10882,882
baremetal,pico,418,10000,6170946,8161,-1839
baremetal,pico,419,10000,6181827,10881,881
baremetal,pico,420,10000,6192708,10881,881
baremetal,pico,421,10000,6200869,8161,-1839
baremetal,pico,422,10000,6211751,10882,882
baremetal,pico,423,10000,6222632,10881,881
baremetal,pico,424,10000,6230793,8161,-1839
baremetal,pico,425,10000,6241674,10881,881
baremetal,pico,426,10000,6252555,10881,881
baremetal,pico,427,10000,6260716,8161,-1839
baremetal,pico,428,10000,6271598,10882,882
baremetal,pico,429,10000,6282479,10881,881
baremetal,pico,430,10000,6293360,10881,881
baremetal,pico,431,10000,6301521,8161,-1839
baremetal,pico,432,10000,6312403,10882,882
baremetal,pico,433,10000,6323284,10881,881
baremetal,pico,434,10000,6331445,8161,-1839
baremetal,pico,435,10000,6342326,10881,881
baremetal,pico,436,10000,6353207,10881,881
baremetal,pico,437,10000,6361368,8161,-1839
baremetal,pico,438,10000,6372250,10882,882
baremetal,pico,439,10000,6383131,10881,881
baremetal,pico,440,10000,6391292,8161,-1839
baremetal,pico,441,10000,6402173,10881,881
baremetal,pico,442,10000,6413055,10882,882
baremetal,pico,443,10000,6421216,8161,-1839
baremetal,pico,444,10000,6432097,10881,881
baremetal,pico,445,10000,6442978,10881,881
baremetal,pico,446,10000,6451139,8161,-1839
baremetal,pico,447,10000,6462020,10881,881
baremetal,pico,448,10000,6472902,10882,882
baremetal,pico,449,10000,6481063,8161,-1839
baremetal,pico,450,10000,6491944,10881,881
baremetal,pico,451,10000,6502825,10881,881
baremetal,pico,452,10000,6510986,8161,-1839
baremetal,pico,453,10000,6521867,10881,881
baremetal,pico,454,10000,6532749,10882,882
baremetal,pico,455,10000,6540910,8161,-1839
baremetal,pico,456,10000,6551791,10881,881
baremetal,pico,457,10000,6562672,10881,881
baremetal,pico,458,10000,6570833,8161,-1839
baremetal,pico,459,10000,6581715,10882,882
baremetal,pico,460,10000,6592596,10881,881
baremetal,pico,461,10000,6600757,8161,-1839
baremetal,pico,462,10000,6611638,10881,881
baremetal,pico,463,10000,6622519,10881,881
baremetal,pico,464,10000,6630680,8161,-1839
baremetal,pico,465,10000,6641562,10882,882
baremetal,pico,466,10000,6652443,10881,881
baremetal,pico,467,10000,6663324,10881,881
baremetal,pico,468,10000,6671485,8161,-1839
baremetal,pico,469,10000,6682367,10882,882
baremetal,pico,470,10000,6693248,10881,881
baremetal,pico,471,10000,6701409,8161,-1839
baremetal,pico,472,10000,6712290,10881,881
baremetal,pico,473,10000,6723171,10881,881
baremetal,pico,474,10000,6731332,8161,-1839
baremetal,pico,475,10000,6742214,10882,882
baremetal,pico,476,10000,6753095,10881,881
baremetal,pico,477,10000,6761256,8161,-1839
baremetal,pico,478,10000,6772137,10881,881
baremetal,pico,479,10000,6783019,10882,882
baremetal,pico,480,10000,6791180,8161,-1839
baremetal,pico,481,10000,6802061,10881,881
baremetal,pico,482,10000,6812942,10881,881
baremetal,pico,483,10000,6821103,8161,-1839
baremetal,pico,484,10000,6831984,10881,881
baremetal,pico,485,10000,6842866,10882,882
baremetal,pico,486,10000,6851027,8161,-1839
baremetal,pico,487,10000,6861908,10881,881
baremetal,pico,488,10000,6872789,10881,881
baremetal,pico,489,10000,6880950,8161,-1839
baremetal,pico,490,10000,6891832,10882,882
baremetal,pico,491,10000,6902713,10881,881
baremetal,pico,492,10000,6910874,8161,-1839
baremetal,pico,493,10000,6921755,10881,881
baremetal,pico,494,10000,6932636,10881,881
baremetal,pico,495,10000,6940797,8161,-1839
baremetal,pico,496,10000,6951679,10882,882
baremetal,pico,497,10000,6962560,10881,881
baremetal,pico,498,10000,6970721,8161,-1839
baremetal,pico,499,10000,6981602,10881,881
baremetal,pico,500,10000,6992484,10882,882
baremetal,pico,501,10000,7003365,10881,881
baremetal,pico,502,10000,7011526,8161,-1839
baremetal,pico,503,10000,7022407,10881,881
baremetal,pico,504,10000,7033288,10881,881
baremetal,pico,505,10000,7041449,8161,-1839
baremetal,pico,506,10000,7052331,10882,882
baremetal,pico,507,10000,7063212,10881,881
baremetal,pico,508,10000,7071373,8161,-1839
baremetal,pico,509,10000,7082254,10881,881
baremetal,pico,510,10000,7093136,10882,882
baremetal,pico,511,10000,7101297,8161,-1839
baremetal,pico,512,10000,7112178,10881,881
baremetal,pico,513,10000,7123059,10881,881
baremetal,pico,514,10000,7131220,8161,-1839
baremetal,pico,515,10000,7142101,10881,881
baremetal,pico,516,10000,7152983,10882,882
baremetal,pico,517,10000,7161144,8161,-1839
baremetal,pico,518,10000,7172025,10881,881
baremetal,pico,519,10000,7182906,10881,881
baremetal,pico,520,10000,7191067,8161,-1839
baremetal,pico,521,10000,7201949,10882,882
baremetal,pico,522,10000,7212830,10881,881
baremetal,pico,523,10000,7220991,8161,-1839
baremetal,pico,524,10000,7231872,10881,881
baremetal,pico,525,10000,7242753,10881,881
baremetal,pico,526,10000,7250914,8161,-1839
baremetal,pico,527,10000,7261796,10882,882
baremetal,pico,528,10000,7272677,10881,881
baremetal,pico,529,10000,7280838,8161,-1839
baremetal,pico,530,10000,7291719,10881,881
baremetal,pico,531,10000,7302601,10882,882
baremetal,pico,532,10000,7310762,8161,-1839
baremetal,pico,533,10000,7321643,10881,881
baremetal,pico,534,10000,7332524,10881,881
baremetal,pico,535,10000,7340685,8161,-1839
baremetal,pico,536,10000,7351566,10881,881
baremetal,pico,537,10000,7362448,10882,882
baremetal,pico,538,10000,7373329,10881,881
baremetal,pico,539,10000,7381490,8161,-1839
baremetal,pico,540,10000,7392371,10881,881
baremetal,pico,541,10000,7403253,10882,882
baremetal,pico,542,10000,7411414,8161,-1839
baremetal,pico,543,10000,7422295,10881,881
baremetal,pico,544,10000,7433176,10881,881
baremetal,pico,545,10000,7441337,8161,-1839
baremetal,pico,546,10000,7452218,10881,881
baremetal,pico,547,10000,7463100,10882,882
baremetal,pico,548,10000,7471261,8161,-1839
baremetal,pico,549,10000,7482142,10881,881
baremetal,pico,550,10000,7493023,10881,881
baremetal,pico,551,10000,7501184,8161,-1839
baremetal,pico,552,10000,7512066,10882,882
baremetal,pico,553,10000,7522947,10881,881
baremetal,pico,554,10000,7531108,8161,-1839
baremetal,pico,555,10000,7541989,10881,881
baremetal,pico,556,10000,7552870,10881,881
baremetal,pico,557,10000,7561031,8161,-1839
baremetal,pico,558,10000,7571913,10882,882
baremetal,pico,559,10000,7582794,10881,881
baremetal,pico,560,10000,7590955,8161,-1839
baremetal,pico,561,10000,7601836,10881,881
baremetal,pico,562,10000,7612718,10882,882
baremetal,pico,563,10000,7620879,8161,-1839
baremetal,pico,564,10000,7631760,10881,881
baremetal,pico,565,10000,7642641,10881,881
baremetal,pico,566,10000,7650802,8161,-1839
baremetal,pico,567,10000,7661683,10881,881
baremetal,pico,568,10000,7672565,10882,882
baremetal,pico,569,10000,7680726,8161,-1839
baremetal,pico,570,10000,7691607,10881,881
baremetal,pico,571,10000,7702488,10881,881
baremetal,pico,572,10000,7713370,10882,882
baremetal,pico,573,10000,7721531,8161,-1839
baremetal,pico,574,10000,7732412,10881,881
baremetal,pico,575,10000,7743293,10881,881
baremetal,pico,576,10000,7751454,8161,-1839
baremetal,pico,577,10000,7762335,10881,881
baremetal,pico,578,10000,7773217,10882,882
baremetal,pico,579,10000,7781378,8161,-1839
baremetal,pico,580,10000,7792259,10881,881
baremetal,pico,581,10000,7803140,10881,881
baremetal,pico,582,10000,7811301,8161,-1839
baremetal,pico,583,10000,7822183,10882,882
baremetal,pico,584,10000,7833064,10881,881
baremetal,pico,585,10000,7841225,8161,-1839
baremetal,pico,586,10000,7852106,10881,881
baremetal,pico,587,10000,7862987,10881,881
baremetal,pico,588,10000,7871148,8161,-1839
baremetal,pico,589,10000,7882030,10882,882
baremetal,pico,590,10000,7892911,10881,881
baremetal,pico,591,10000,7901072,8161,-1839
baremetal,pico,592,10000,7911953,10881,881
baremetal,pico,593,10000,7922834,10881,881
baremetal,pico,594,10000,7930995,8161,-1839
baremetal,pico,595,10000,7941877,10882,882
baremetal,pico,596,10000,7952758,10881,881
baremetal,pico,597,10000,7960919,8161,-1839
baremetal,pico,598,10000,7971800,10881,881
baremetal,pico,599,10000,7982682,10882,882
baremetal,pico,600,10000,7990843,8161,-1839
baremetal,pico,601,10000,8001724,10881,881
baremetal,pico,602,10000,8012605,10881,881
baremetal,pico,603,10000,8020766,8161,-1839
baremetal,pico,604,10000,8031647,10881,881
baremetal,pico,605,10000,8042529,10882,882
baremetal,pico,606,10000,8050690,8161,-1839
baremetal,pico,607,10000,8061571,10881,881
baremetal,pico,608,10000,8072452,10881,881
baremetal,pico,609,10000,8083334,10882,882
baremetal,pico,610,10000,8091495,8161,-1839
baremetal,pico,611,10000,8102376,10881,881
baremetal,pico,612,10000,8113257,10881,881
baremetal,pico,613,10000,8121418,8161,-1839
baremetal,pico,614,10000,8132299,10881,881
baremetal,pico,615,10000,8143181,10882,882
baremetal,pico,616,10000,8151342,8161,-1839
baremetal,pico,617,10000,8162223,10881,881
baremetal,pico,618,10000,8173104,10881,881
baremetal,pico,619,10000,8181265,8161,-1839
baremetal,pico,620,10000,8192147,10882,882
baremetal,pico,621,10000,8203028,10881,881
baremetal,pico,622,10000,8211189,8161,-1839
baremetal,pico,623,10000,8222070,10881,881
baremetal,pico,624,10000,8232951,10881,881
baremetal,pico,625,10000,8241112,8161,-1839
baremetal,pico,626,10000,8251994,10882,882
baremetal,pico,627,10000,8262875,10881,881
baremetal,pico,628,10000,8271036,8161,-1839
baremetal,pico,629,10000,8281917,10881,881
baremetal,pico,630,10000,8292799,10882,882
baremetal,pico,631,10000,8300960,8161,-1839
baremetal,pico,632,10000,8311841,10881,881
baremetal,pico,633,10000,8322722,10881,881
baremetal,pico,634,10000,8330883,8161,-1839
baremetal,pico,635,10000,8341764,10881,881
baremetal,pico,636,10000,8352646,10882,882
baremetal,pico,637,10000,8360807,8161,-1839
baremetal,pico,638,10000,8371688,10881,881
baremetal,pico,639,10000,8382569,10881,881
baremetal,pico,640,10000,8390730,8161,-1839
baremetal,pico,641,10000,8401612,10882,882
baremetal,pico,642,10000,8412493,10881,881
baremetal,pico,643,10000,8423374,10881,881
baremetal,pico,644,10000,8431535,8161,-1839
baremetal,pico,645,10000,8442416,10881,881
baremetal,pico,646,10000,8453298,10882,882
baremetal,pico,647,10000,8461459,8161,-1839
baremetal,pico,648,10000,8472340,10881,881
baremetal,pico,649,10000,8483221,10881,881
baremetal,pico,650,10000,8491382,8161,-1839
baremetal,pico,651,10000,8502264,10882,882
baremetal,pico,652,10000,8513145,10881,881
baremetal,pico,653,10000,8521306,8161,-1839
baremetal,pico,654,10000,8532187,10881,881
baremetal,pico,655,10000,8543068,10881,881
baremetal,pico,656,10000,8551229,8161,-1839
baremetal,pico,657,10000,8562111,10882,882
baremetal,pico,658,10000,8572992,10881,881
baremetal,pico,659,10000,8581153,8161,-1839
baremetal,pico,660,10000,8592034,10881,881
baremetal,pico,661,10000,8602916,10882,882
baremetal,pico,662,10000,8611077,8161,-1839
baremetal,pico,663,10000,8621958,10881,881
baremetal,pico,664,10000,8632839,10881,881
baremetal,pico,665,10000,8641000,8161,-1839
baremetal,pico,666,10000,8651881,10881,881
baremetal,pico,667,10000,8662763,10882,882
baremetal,pico,668,10000,8670924,8161,-1839
baremetal,pico,669,10000,8681805,10881,881
baremetal,pico,670,10000,8692686,10881,881
baremetal,pico,671,10000,8700847,8161,-1839
baremetal,pico,672,10000,8711729,10882,882
baremetal,pico,673,10000,8722610,10881,881
baremetal,pico,674,10000,8730771,8161,-1839
baremetal,pico,675,10000,8741652,10881,881
baremetal,pico,676,10000,8752533,10881,881
baremetal,pico,677,10000,8760694,8161,-1839
baremetal,pico,678,10000,8771576,10882,882
baremetal,pico,679,10000,8782457,10881,881
baremetal,pico,680,10000,8793338,10881,881
baremetal,pico,681,10000,8801499,8161,-1839
baremetal,pico,682,10000,8812381,10882,882
baremetal,pico,683,10000,8823262,10881,881
baremetal,pico,684,10000,8831423,8161,-1839
baremetal,pico,685,10000,8842304,10881,881
baremetal,pico,686,10000,8853185,10881,881
baremetal,pico,687,10000,8861346,8161,-1839
baremetal,pico,688,10000,8872228,10882,882
baremetal,pico,689,10000,8883109,10881,881
baremetal,pico,690,10000,8891270,8161,-1839
baremetal,pico,691,10000,8902151,10881,881
baremetal,pico,692,10000,8913033,10882,882
baremetal,pico,693,10000,8921194,8161,-1839
baremetal,pico,694,10000,8932075,10881,881
baremetal,pico,695,10000,8942956,10881,881
baremetal,pico,696,10000,8951117,8161,-1839
baremetal,pico,697,10000,8961998,10881,881
baremetal,pico,698,10000,8972880,10882,882
baremetal,pico,699,10000,8981041,8161,-1839
baremetal,pico,700,10000,8991922,10881,881
baremetal,pico,701,10000,9002803,10881,881
baremetal,pico,702,10000,9010964,8161,-1839
baremetal,pico,703,10000,9021846,10882,882
baremetal,pico,704,10000,9032727,10881,881
baremetal,pico,705,10000,9040888,8161,-1839
baremetal,pico,706,10000,9051769,10881,881
baremetal,pico,707,10000,9062650,10881,881
baremetal,pico,708,10000,9070811,8161,-1839
baremetal,pico,709,10000,9081693,10882,882
baremetal,pico,710,10000,9092574,10881,881
baremetal,pico,711,10000,9100735,8161,-1839
baremetal,pico,712,10000,9111616,10881,881
baremetal,pico,713,10000,9122498,10882,882
baremetal,pico,714,10000,9133379,10881,881
baremetal,pico,715,10000,9141540,8161,-1839
baremetal,pico,716,10000,9152421,10881,881
baremetal,pico,717,10000,9163302,10881,881
baremetal,pico,718,10000,9171463,8161,-1839
baremetal,pico,719,10000,9182345,10882,882
baremetal,pico,720,10000,9193226,10881,881
baremetal,pico,721,10000,9201387,8161,-1839
baremetal,pico,722,10000,9212268,10881,881
baremetal,pico,723,10000,9223150,10882,882
baremetal,pico,724,10000,9231310,8160,-1840
baremetal,pico,725,10000,9242192,10882,882
baremetal,pico,726,10000,9253073,10881,881
baremetal,pico,727,10000,9261234,8161,-1839
baremetal,pico,728,10000,9272115,10881,881
baremetal,pico,729,10000,9282997,10882,882
baremetal,pico,730,10000,9291158,8161,-1839
baremetal,pico,731,10000,9302039,10881,881
baremetal,pico,732,10000,9312920,10881,881
baremetal,pico,733,10000,9321081,8161,-1839
baremetal,pico,734,10000,9331962,10881,881
baremetal,pico,735,10000,9342844,10882,882
baremetal,pico,736,10000,9351005,8161,-1839
baremetal,pico,737,10000,9361886,10881,881
baremetal,pico,738,10000,9372767,10881,881
baremetal,pico,739,10000,9380928,8161,-1839
baremetal,pico,740,10000,9391810,10882,882
baremetal,pico,741,10000,9402691,10881,881
baremetal,pico,742,10000,9410852,8161,-1839
baremetal,pico,743,10000,9421733,10881,881
baremetal,pico,744,10000,9432614,10881,881
baremetal,pico,745,10000,9440775,8161,-1839
baremetal,pico,746,10000,9451657,10882,882
baremetal,pico,747,10000,9462538,10881,881
baremetal,pico,748,10000,9470699,8161,-1839
baremetal,pico,749,10000,9481580,10881,881
baremetal,pico,750,10000,9492462,10882,882
baremetal,pico,751,10000,9503343,10881,881
baremetal,pico,752,10000,9511504,8161,-1839
baremetal,pico,753,10000,9522385,10881,881
baremetal,pico,754,10000,9533266,10881,881
baremetal,pico,755,10000,9541427,8161,-1839
baremetal,pico,756,10000,9552309,10882,882
baremetal,pico,757,10000,9563190,10881,881
baremetal,pico,758,10000,9571351,8161,-1839
baremetal,pico,759,10000,9582232,10881,881
baremetal,pico,760,10000,9593114,10882,882
baremetal,pico,761,10000,9601275,8161,-1839
baremetal,pico,762,10000,9612156,10881,881
baremetal,pico,763,10000,9623037,10881,881
baremetal,pico,764,10000,9631198,8161,-1839
baremetal,pico,765,10000,9642079,10881,881
baremetal,pico,766,10000,9652961,10882,882
baremetal,pico,767,10000,9661122,8161,-1839
baremetal,pico,768,10000,9672003,10881,881
baremetal,pico,769,10000,9682884,10881,881
baremetal,pico,770,10000,9691045,8161,-1839
baremetal,pico,771,10000,9701927,10882,882
baremetal,pico,772,10000,9712808,10881,881
baremetal,pico,773,10000,9720969,8161,-1839
baremetal,pico,774,10000,9731850,10881,881
baremetal,pico,775,10000,9742731,10881,881
baremetal,pico,776,10000,9750892,8161,-1839
baremetal,pico,777,10000,9761774,10882,882
baremetal,pico,778,10000,9772655,10881,881
baremetal,pico,779,10000,9780816,8161,-1839
baremetal,pico,780,10000,9791697,10881,881
baremetal,pico,781,10000,9802579,10882,882
baremetal,pico,782,10000,9810740,8161,-1839
baremetal,pico,783,10000,9821621,10881,881
baremetal,pico,784,10000,9832502,10881,881
baremetal,pico,785,10000,9843383,10881,881
baremetal,pico,786,10000,9851544,8161,-1839
baremetal,pico,787,10000,9862426,10882,882
baremetal,pico,788,10000,9873307,10881,881
baremetal,pico,789,10000,9881468,8161,-1839
baremetal,pico,790,10000,9892349,10881,881
baremetal,pico,791,10000,9903231,10882,882
baremetal,pico,792,10000,9911392,8161,-1839
baremetal,pico,793,10000,9922273,10881,881
baremetal,pico,794,10000,9933154,10881,881
baremetal,pico,795,10000,9941315,8161,-1839
baremetal,pico,796,10000,9952196,10881,881
baremetal,pico,797,10000,9963078,10882,882
baremetal,pico,798,10000,9971239,8161,-1839
baremetal,pico,799,10000,9982120,10881,881
baremetal,pico,800,10000,9993001,10881,881
baremetal,pico,801,10000,10001162,8161,-1839
baremetal,pico,802,10000,10012044,10882,882
baremetal,pico,803,10000,10022925,10881,881
baremetal,pico,804,10000,10031086,8161,-1839
baremetal,pico,805,10000,10041967,10881,881
baremetal,pico,806,10000,10052848,10881,881
baremetal,pico,807,10000,10061009,8161,-1839
baremetal,pico,808,10000,10071891,10882,882
baremetal,pico,809,10000,10082772,10881,881
baremetal,pico,810,10000,10090933,8161,-1839
baremetal,pico,811,10000,10101814,10881,881
baremetal,pico,812,10000,10112696,10882,882
baremetal,pico,813,10000,10120857,8161,-1839
baremetal,pico,814,10000,10131738,10881,881
baremetal,pico,815,10000,10142619,10881,881
baremetal,pico,816,10000,10150780,8161,-1839
baremetal,pico,817,10000,10161661,10881,881
baremetal,pico,818,10000,10172543,10882,882
baremetal,pico,819,10000,10180704,8161,-1839
baremetal,pico,820,10000,10191585,10881,881
baremetal,pico,821,10000,10202466,10881,881
baremetal,pico,822,10000,10213348,10882,882
baremetal,pico,823,10000,10221509,8161,-1839
baremetal,pico,824,10000,10232390,10881,881
baremetal,pico,825,10000,10243271,10881,881
baremetal,pico,826,10000,10251432,8161,-1839
baremetal,pico,827,10000,10262313,10881,881
baremetal,pico,828,10000,10273195,10882,882
baremetal,pico,829,10000,10281356,8161,-1839
baremetal,pico,830,10000,10292237,10881,881
baremetal,pico,831,10000,10303118,10881,881
baremetal,pico,832,10000,10311279,8161,-1839
baremetal,pico,833,10000,10322161,10882,882
baremetal,pico,834,10000,10333042,10881,881
baremetal,pico,835,10000,10341203,8161,-1839
baremetal,pico,836,10000,10352084,10881,881
baremetal,pico,837,10000,10362965,10881,881
baremetal,pico,838,10000,10371126,8161,-1839
baremetal,pico,839,10000,10382008,10882,882
baremetal,pico,840,10000,10392889,10881,881
baremetal,pico,841,10000,10401050,8161,-1839
baremetal,pico,842,10000,10411931,10881,881
baremetal,pico,843,10000,10422813,10882,882
baremetal,pico,844,10000,10430974,8161,-1839
baremetal,pico,845,10000,10441855,10881,881
baremetal,pico,846,10000,10452736,10881,881
baremetal,pico,847,10000,10460897,8161,-1839
baremetal,pico,848,10000,10471778,10881,881
baremetal,pico,849,10000,10482660,10882,882
baremetal,pico,850,10000,10490821,8161,-1839
baremetal,pico,851,10000,10501702,10881,881
baremetal,pico,852,10000,10512583,10881,881
baremetal,pico,853,10000,10520744,8161,-1839
baremetal,pico,854,10000,10531626,10882,882
baremetal,pico,855,10000,10542507,10881,881
baremetal,pico,856,10000,10553388,10881,881
baremetal,pico,857,10000,10561549,8161,-1839
baremetal,pico,858,10000,10572430,10881,881
baremetal,pico,859,10000,10583312,10882,882
baremetal,pico,860,10000,10591473,8161,-1839
baremetal,pico,861,10000,10602354,10881,881
baremetal,pico,862,10000,10613235,10881,881
baremetal,pico,863,10000,10621396,8161,-1839
baremetal,pico,864,10000,10632277,10881,881
baremetal,pico,865,10000,10643159,10882,882
baremetal,pico,866,10000,10651320,8161,-1839
baremetal,pico,867,10000,10662201,10881,881
baremetal,pico,868,10000,10673082,10881,881
baremetal,pico,869,10000,10681243,8161,-1839
baremetal,pico,870,10000,10692125,10882,882
baremetal,pico,871,10000,10703006,10881,881
baremetal,pico,872,10000,10711167,8161,-1839
baremetal,pico,873,10000,10722048,10881,881
baremetal,pico,874,10000,10732929,10881,881
baremetal,pico,875,10000,10741090,8161,-1839
baremetal,pico,876,10000,10751972,10882,882
baremetal,pico,877,10000,10762853,10881,881
baremetal,pico,878,10000,10771014,8161,-1839
baremetal,pico,879,10000,10781895,10881,881
baremetal,pico,880,10000,10792777,10882,882
baremetal,pico,881,10000,10800938,8161,-1839
baremetal,pico,882,10000,10811819,10881,881
baremetal,pico,883,10000,10822700,10881,881
baremetal,pico,884,10000,10830861,8161,-1839
baremetal,pico,885,10000,10841742,10881,881
baremetal,pico,886,10000,10852624,10882,882
baremetal,pico,887,10000,10860785,8161,-1839
baremetal,pico,888,10000,10871666,10881,881
baremetal,pico,889,10000,10882547,10881,881
baremetal,pico,890,10000,10890708,8161,-1839
baremetal,pico,891,10000,10901590,10882,882
baremetal,pico,892,10000,10912471,10881,881
baremetal,pico,893,10000,10923352,10881,881
baremetal,pico,894,10000,10931513,8161,-1839
baremetal,pico,895,10000,10942394,10881,881
baremetal,pico,896,10000,10953276,10882,882
baremetal,pico,897,10000,10961437,8161,-1839
baremetal,pico,898,10000,10972318,10881,881
baremetal,pico,899,10000,10983199,10881,881
baremetal,pico,900,10000,10991360,8161,-1839
baremetal,pico,901,10000,11002242,10882,882
baremetal,pico,902,10000,11013123,10881,881
baremetal,pico,903,10000,11021284,8161,-1839
baremetal,pico,904,10000,11032165,10881,881
baremetal,pico,905,10000,11043046,10881,881
baremetal,pico,906,10000,11051207,8161,-1839
baremetal,pico,907,10000,11062089,10882,882
baremetal,pico,908,10000,11072970,10881,881
baremetal,pico,909,10000,11081131,8161,-1839
baremetal,pico,910,10000,11092012,10881,881
baremetal,pico,911,10000,11102894,10882,882
baremetal,pico,912,10000,11111055,8161,-1839
baremetal,pico,913,10000,11121936,10881,881
baremetal,pico,914,10000,11132817,10881,881
baremetal,pico,915,10000,11140978,8161,-1839
baremetal,pico,916,10000,11151859,10881,881
baremetal,pico,917,10000,11162741,10882,882
baremetal,pico,918,10000,11170902,8161,-1839
baremetal,pico,919,10000,11181783,10881,881
baremetal,pico,920,10000,11192664,10881,881
baremetal,pico,921,10000,11200825,8161,-1839
baremetal,pico,922,10000,11211707,10882,882
baremetal,pico,923,10000,11222588,10881,881
baremetal,pico,924,10000,11230749,8161,-1839
baremetal,pico,925,10000,11241630,10881,881
baremetal,pico,926,10000,11252511,10881,881
baremetal,pico,927,10000,11263393,10882,882
baremetal,pico,928,10000,11271554,8161,-1839
baremetal,pico,929,10000,11282435,10881,881
baremetal,pico,930,10000,11293316,10881,881
baremetal,pico,931,10000,11301477,8161,-1839
baremetal,pico,932,10000,11312359,10882,882
baremetal,pico,933,10000,11323240,10881,881
baremetal,pico,934,10000,11331401,8161,-1839
baremetal,pico,935,10000,11342282,10881,881
baremetal,pico,936,10000,11353163,10881,881
baremetal,pico,937,10000,11361324,8161,-1839
baremetal,pico,938,10000,11372206,10882,882
baremetal,pico,939,10000,11383087,10881,881
baremetal,pico,940,10000,11391248,8161,-1839
baremetal,pico,941,10000,11402129,10881,881
baremetal,pico,942,10000,11413011,10882,882
baremetal,pico,943,10000,11421172,8161,-1839
baremetal,pico,944,10000,11432053,10881,881
baremetal,pico,945,10000,11442934,10881,881
baremetal,pico,946,10000,11451095,8161,-1839
baremetal,pico,947,10000,11461976,10881,881
baremetal,pico,948,10000,11472858,10882,882
baremetal,pico,949,10000,11481019,8161,-1839
baremetal,pico,950,10000,11491900,10881,881
baremetal,pico,951,10000,11502781,10881,881
baremetal,pico,952,10000,11510942,8161,-1839
baremetal,pico,953,10000,11521824,10882,882
baremetal,pico,954,10000,11532705,10881,881
baremetal,pico,955,10000,11540866,8161,-1839
baremetal,pico,956,10000,11551747,10881,881
baremetal,pico,957,10000,11562628,10881,881
baremetal,pico,958,10000,11570789,8161,-1839
baremetal,pico,959,10000,11581671,10882,882
baremetal,pico,960,10000,11592552,10881,881
baremetal,pico,961,10000,11600713,8161,-1839
baremetal,pico,962,10000,11611594,10881,881
baremetal,pico,963,10000,11622476,10882,882
baremetal,pico,964,10000,11633357,10881,881
baremetal,pico,965,10000,11641518,8161,-1839
baremetal,pico,966,10000,11652399,10881,881
baremetal,pico,967,10000,11663280,10881,881
baremetal,pico,968,10000,11671441,8161,-1839
baremetal,pico,969,10000,11682323,10882,882
baremetal,pico,970,10000,11693204,10881,881
baremetal,pico,971,10000,11701365,8161,-1839
baremetal,pico,972,10000,11712246,10881,881
baremetal,pico,973,10000,11723128,10882,882
baremetal,pico,974,10000,11731289,8161,-1839
baremetal,pico,975,10000,11742170,10881,881
baremetal,pico,976,10000,11753051,10881,881
baremetal,pico,977,10000,11761212,8161,-1839
baremetal,pico,978,10000,11772093,10881,881
baremetal,pico,979,10000,11782975,10882,882
baremetal,pico,980,10000,11791136,8161,-1839
baremetal,pico,981,10000,11802017,10881,881
baremetal,pico,982,10000,11812898,10881,881
baremetal,pico,983,10000,11821059,8161,-1839
baremetal,pico,984,10000,11831941,10882,882
baremetal,pico,985,10000,11842822,10881,881
baremetal,pico,986,10000,11850983,8161,-1839
baremetal,pico,987,10000,11861864,10881,881
baremetal,pico,988,10000,11872745,10881,881
baremetal,pico,989,10000,11880906,8161,-1839
baremetal,pico,990,10000,11891788,10882,882
baremetal,pico,991,10000,11902669,10881,881
baremetal,pico,992,10000,11910830,8161,-1839
baremetal,pico,993,10000,11921711,10881,881
baremetal,pico,994,10000,11932593,10882,882
baremetal,pico,995,10000,11940753,8160,-1840
baremetal,pico,996,10000,11951635,10882,882
baremetal,pico,997,10000,11962516,10881,881
baremetal,pico,998,10000,11973397,10881,881
baremetal,pico,999,10000,11981558,8161,-1839
baremetal,pico,1000,10000,11992440,10882,882
