mode,board,sample_index,period_target_us,timestamp_us,delta_us,jitter_us,queue_latency_us,deadline_miss_count
freertos,pico,1,10000,2044,0,0,80,0
freertos,pico,2,10000,12041,9997,-3,11,0
freertos,pico,3,10000,22020,9979,-21,8,0
freertos,pico,4,10000,32020,10000,0,8,0
freertos,pico,5,10000,42020,10000,0,8,0
freertos,pico,6,10000,52020,10000,0,8,0
freertos,pico,7,10000,62020,10000,0,8,0
freertos,pico,8,10000,72020,10000,0,8,0
freertos,pico,9,10000,82020,10000,0,8,0
freertos,pico,10,10000,92020,10000,0,8,0
freertos,pico,11,10000,102020,10000,0,8,0
freertos,pico,12,10000,112020,10000,0,8,0
freertos,pico,13,10000,122020,10000,0,8,0
freertos,pico,14,10000,132020,10000,0,8,0
freertos,pico,15,10000,142020,10000,0,8,0
freertos,pico,16,10000,152020,10000,0,8,0
freertos,pico,17,10000,162020,10000,0,8,0
freertos,pico,18,10000,172022,10002,2,8,0
freertos,pico,19,10000,182020,9998,-2,8,0
freertos,pico,20,10000,192020,10000,0,8,0
freertos,pico,21,10000,202020,10000,0,8,0
freertos,pico,22,10000,212020,10000,0,8,0
freertos,pico,23,10000,222020,10000,0,8,0
freertos,pico,24,10000,232020,10000,0,8,0
freertos,pico,25,10000,242020,10000,0,8,0
freertos,pico,26,10000,252020,10000,0,8,0
freertos,pico,27,10000,262020,10000,0,8,0
freertos,pico,28,10000,272020,10000,0,8,0
freertos,pico,29,10000,282020,10000,0,8,0
freertos,pico,30,10000,292020,10000,0,8,0
freertos,pico,31,10000,302020,10000,0,8,0
freertos,pico,32,10000,312020,10000,0,8,0
freertos,pico,33,10000,322020,10000,0,8,0
freertos,pico,34,10000,332020,10000,0,8,0
freertos,pico,35,10000,342020,10000,0,8,0
freertos,pico,36,10000,352020,10000,0,8,0
freertos,pico,37,10000,362020,10000,0,8,0
freertos,pico,38,10000,372020,10000,0,8,0
freertos,pico,39,10000,382020,10000,0,8,0
freertos,pico,40,10000,392020,10000,0,8,0
freertos,pico,41,10000,402020,10000,0,8,0
freertos,pico,42,10000,412020,10000,0,8,0
freertos,pico,43,10000,422020,10000,0,8,0
freertos,pico,44,10000,432021,10001,1,10,0
freertos,pico,45,10000,442020,9999,-1,13,0
freertos,pico,46,10000,452020,10000,0,9,0
freertos,pico,47,10000,462020,10000,0,8,0
freertos,pico,48,10000,472020,10000,0,8,0
freertos,pico,49,10000,482021,10001,1,13,0
freertos,pico,50,10000,492020,9999,-1,9,0
freertos,pico,51,10000,502020,10000,0,8,0
freertos,pico,52,10000,512020,10000,0,8,0
freertos,pico,53,10000,522020,10000,0,8,0
freertos,pico,54,10000,532020,10000,0,9,0
freertos,pico,55,10000,542020,10000,0,8,0
freertos,pico,56,10000,552020,10000,0,8,0
freertos,pico,57,10000,562020,10000,0,8,0
freertos,pico,58,10000,572020,10000,0,8,0
freertos,pico,59,10000,582020,10000,0,8,0
freertos,pico,60,10000,592020,10000,0,8,0
freertos,pico,61,10000,602020,10000,0,8,0
freertos,pico,62,10000,612020,10000,0,8,0
freertos,pico,63,10000,622020,10000,0,8,0
freertos,pico,64,10000,632020,10000,0,8,0
freertos,pico,65,10000,642020,10000,0,8,0
freertos,pico,66,10000,652020,10000,0,8,0
freertos,pico,67,10000,662020,10000,0,8,0
freertos,pico,68,10000,672020,10000,0,8,0
freertos,pico,69,10000,682020,10000,0,8,0
freertos,pico,70,10000,692020,10000,0,8,0
freertos,pico,71,10000,702020,10000,0,8,0
freertos,pico,72,10000,712020,10000,0,8,0
freertos,pico,73,10000,722020,10000,0,8,0
freertos,pico,74,10000,732020,10000,0,8,0
freertos,pico,75,10000,742020,10000,0,8,0
freertos,pico,76,10000,752020,10000,0,8,0
freertos,pico,77,10000,762020,10000,0,8,0
freertos,pico,78,10000,772020,10000,0,8,0
freertos,pico,79,10000,782020,10000,0,8,0
freertos,pico,80,10000,792020,10000,0,8,0
freertos,pico,81,10000,802020,10000,0,8,0
freertos,pico,82,10000,812020,10000,0,8,0
freertos,pico,83,10000,822020,10000,0,8,0
freertos,pico,84,10000,832020,10000,0,8,0
freertos,pico,85,10000,842020,10000,0,8,0
freertos,pico,86,10000,852020,10000,0,8,0
freertos,pico,87,10000,862020,10000,0,8,0
freertos,pico,88,10000,872020,10000,0,8,0
freertos,pico,89,10000,882020,10000,0,8,0
freertos,pico,90,10000,892020,10000,0,8,0
freertos,pico,91,10000,902020,10000,0,8,0
freertos,pico,92,10000,912020,10000,0,8,0
freertos,pico,93,10000,922020,10000,0,8,0
freertos,pico,94,10000,932020,10000,0,8,0
freertos,pico,95,10000,942020,10000,0,8,0
freertos,pico,96,10000,952020,10000,0,8,0
freertos,pico,97,10000,962020,10000,0,8,0
freertos,pico,98,10000,972020,10000,0,8,0
freertos,pico,99,10000,982020,10000,0,8,0
freertos,pico,100,10000,992020,10000,0,8,0
freertos,pico,101,10000,1002020,10000,0,8,0
freertos,pico,102,10000,1012020,10000,0,8,0
freertos,pico,103,10000,1022020,10000,0,8,0
freertos,pico,104,10000,1032020,10000,0,8,0
freertos,pico,105,10000,1042020,10000,0,8,0
freertos,pico,106,10000,1052020,10000,0,8,0
freertos,pico,107,10000,1062020,10000,0,8,0
freertos,pico,108,10000,1072020,10000,0,8,0
freertos,pico,109,10000,1082020,10000,0,8,0
freertos,pico,110,10000,1092020,10000,0,8,0
freertos,pico,111,10000,1102020,10000,0,8,0
freertos,pico,112,10000,1112020,10000,0,8,0
freertos,pico,113,10000,1122020,10000,0,8,0
freertos,pico,114,10000,1132020,10000,0,8,0
freertos,pico,115,10000,1142020,10000,0,8,0
freertos,pico,116,10000,1152020,10000,0,8,0
freertos,pico,117,10000,1162020,10000,0,8,0
freertos,pico,118,10000,1172020,10000,0,8,0
freertos,pico,119,10000,1182020,10000,0,8,0
freertos,pico,120,10000,1192020,10000,0,8,0
freertos,pico,121,10000,1202020,10000,0,8,0
freertos,pico,122,10000,1212020,10000,0,8,0
freertos,pico,123,10000,1222020,10000,0,8,0
freertos,pico,124,10000,1232020,10000,0,8,0
freertos,pico,125,10000,1242020,10000,0,8,0
freertos,pico,126,10000,1252020,10000,0,8,0
freertos,pico,127,10000,1262020,10000,0,8,0
freertos,pico,128,10000,1272020,10000,0,8,0
freertos,pico,129,10000,1282020,10000,0,8,0
freertos,pico,130,10000,1292020,10000,0,8,0
freertos,pico,131,10000,1302020,10000,0,8,0
freertos,pico,132,10000,1312020,10000,0,8,0
freertos,pico,133,10000,1322020,10000,0,8,0
freertos,pico,134,10000,1332020,10000,0,8,0
freertos,pico,135,10000,1342020,10000,0,8,0
freertos,pico,136,10000,1352020,10000,0,8,0
freertos,pico,137,10000,1362020,10000,0,8,0
freertos,pico,138,10000,1372020,10000,0,8,0
freertos,pico,139,10000,1382020,10000,0,8,0
freertos,pico,140,10000,1392020,10000,0,8,0
freertos,pico,141,10000,1402020,10000,0,8,0
freertos,pico,142,10000,1412020,10000,0,8,0
freertos,pico,143,10000,1422020,10000,0,8,0
freertos,pico,144,10000,1432020,10000,0,8,0
freertos,pico,145,10000,1442020,10000,0,8,0
freertos,pico,146,10000,1452020,10000,0,8,0
freertos,pico,147,10000,1462020,10000,0,8,0
freertos,pico,148,10000,1472020,10000,0,8,0
freertos,pico,149,10000,1482020,10000,0,8,0
freertos,pico,150,10000,1492020,10000,0,8,0
freertos,pico,151,10000,1502020,10000,0,8,0
freertos,pico,152,10000,1512020,10000,0,8,0
freertos,pico,153,10000,1522020,10000,0,8,0
freertos,pico,154,10000,1532020,10000,0,8,0
freertos,pico,155,10000,1542020,10000,0,8,0
freertos,pico,156,10000,1552020,10000,0,8,0
freertos,pico,157,10000,1562020,10000,0,8,0
freertos,pico,158,10000,1572020,10000,0,8,0
freertos,pico,159,10000,1582020,10000,0,8,0
freertos,pico,160,10000,1592020,10000,0,8,0
freertos,pico,161,10000,1602020,10000,0,8,0
freertos,pico,162,10000,1612020,10000,0,8,0
freertos,pico,163,10000,1622020,10000,0,8,0
freertos,pico,164,10000,1632020,10000,0,8,0
freertos,pico,165,10000,1642020,10000,0,8,0
freertos,pico,166,10000,1652020,10000,0,8,0
freertos,pico,167,10000,1662020,10000,0,8,0
freertos,pico,168,10000,1672020,10000,0,8,0
freertos,pico,169,10000,1682020,10000,0,8,0
freertos,pico,170,10000,1692020,10000,0,8,0
freertos,pico,171,10000,1702020,10000,0,8,0
freertos,pico,172,10000,1712020,10000,0,8,0
freertos,pico,173,10000,1722020,10000,0,8,0
freertos,pico,174,10000,1732020,10000,0,8,0
freertos,pico,175,10000,1742020,10000,0,8,0
freertos,pico,176,10000,1752020,10000,0,8,0
freertos,pico,177,10000,1762020,10000,0,8,0
freertos,pico,178,10000,1772020,10000,0,8,0
freertos,pico,179,10000,1782020,10000,0,8,0
freertos,pico,180,10000,1792020,10000,0,8,0
freertos,pico,181,10000,1802020,10000,0,8,0
freertos,pico,182,10000,1812020,10000,0,8,0
freertos,pico,183,10000,1822020,10000,0,8,0
freertos,pico,184,10000,1832020,10000,0,8,0
freertos,pico,185,10000,1842020,10000,0,8,0
freertos,pico,186,10000,1852020,10000,0,8,0
freertos,pico,187,10000,1862020,10000,0,8,0
freertos,pico,188,10000,1872020,10000,0,8,0
freertos,pico,189,10000,1882020,10000,0,8,0
freertos,pico,190,10000,1892020,10000,0,8,0
freertos,pico,191,10000,1902020,10000,0,8,0
freertos,pico,192,10000,1912020,10000,0,8,0
freertos,pico,193,10000,1922020,10000,0,8,0
freertos,pico,194,10000,1932020,10000,0,8,0
freertos,pico,195,10000,1942020,10000,0,8,0
freertos,pico,196,10000,1952020,10000,0,8,0
freertos,pico,197,10000,1962020,10000,0,8,0
freertos,pico,198,10000,1972020,10000,0,8,0
freertos,pico,199,10000,1982020,10000,0,8,0
freertos,pico,200,10000,1992020,10000,0,8,0
freertos,pico,201,10000,2002020,10000,0,8,0
freertos,pico,202,10000,2012020,10000,0,8,0
freertos,pico,203,10000,2022020,10000,0,8,0
freertos,pico,204,10000,2032020,10000,0,8,0
freertos,pico,205,10000,2042020,10000,0,8,0
freertos,pico,206,10000,2052020,10000,0,8,0
freertos,pico,207,10000,2062020,10000,0,8,0
freertos,pico,208,10000,2072020,10000,0,8,0
freertos,pico,209,10000,2082020,10000,0,8,0
freertos,pico,210,10000,2092020,10000,0,8,0
freertos,pico,211,10000,2102020,10000,0,8,0
freertos,pico,212,10000,2112020,10000,0,8,0
freertos,pico,213,10000,2122020,10000,0,8,0
freertos,pico,214,10000,2132020,10000,0,8,0
freertos,pico,215,10000,2142020,10000,0,8,0
freertos,pico,216,10000,2152020,10000,0,8,0
freertos,pico,217,10000,2162020,10000,0,8,0
freertos,pico,218,10000,2172020,10000,0,8,0
freertos,pico,219,10000,2182020,10000,0,8,0
freertos,pico,220,10000,2192020,10000,0,8,0
freertos,pico,221,10000,2202020,10000,0,8,0
freertos,pico,222,10000,2212020,10000,0,8,0
freertos,pico,223,10000,2222020,10000,0,8,0
freertos,pico,224,10000,2232020,10000,0,8,0
freertos,pico,225,10000,2242020,10000,0,8,0
freertos,pico,226,10000,2252020,10000,0,8,0
freertos,pico,227,10000,2262020,10000,0,8,0
freertos,pico,228,10000,2272020,10000,0,8,0
freertos,pico,229,10000,2282020,10000,0,8,0
freertos,pico,230,10000,2292020,10000,0,8,0
freertos,pico,231,10000,2302020,10000,0,8,0
freertos,pico,232,10000,2312020,10000,0,8,0
freertos,pico,233,10000,2322020,10000,0,8,0
freertos,pico,234,10000,2332020,10000,0,8,0
freertos,pico,235,10000,2342020,10000,0,8,0
freertos,pico,236,10000,2352020,10000,0,8,0
freertos,pico,237,10000,2362020,10000,0,8,0
freertos,pico,238,10000,2372020,10000,0,8,0
freertos,pico,239,10000,2382020,10000,0,8,0
freertos,pico,240,10000,2392020,10000,0,8,0
freertos,pico,241,10000,2402020,10000,0,8,0
freertos,pico,242,10000,2412020,10000,0,8,0
freertos,pico,243,10000,2422020,10000,0,8,0
freertos,pico,244,10000,2432020,10000,0,8,0
freertos,pico,245,10000,2442020,10000,0,8,0
freertos,pico,246,10000,2452020,10000,0,8,0
freertos,pico,247,10000,2462020,10000,0,8,0
freertos,pico,248,10000,2472020,10000,0,8,0
freertos,pico,249,10000,2482020,10000,0,8,0
freertos,pico,250,10000,2492020,10000,0,8,0
freertos,pico,251,10000,2502020,10000,0,8,0
freertos,pico,252,10000,2512020,10000,0,8,0
freertos,pico,253,10000,2522020,10000,0,8,0
freertos,pico,254,10000,2532020,10000,0,8,0
freertos,pico,255,10000,2542020,10000,0,8,0
freertos,pico,256,10000,2552020,10000,0,8,0
freertos,pico,257,10000,2562020,10000,0,8,0
freertos,pico,258,10000,2572020,10000,0,8,0
freertos,pico,259,10000,2582020,10000,0,8,0
freertos,pico,260,10000,2592020,10000,0,8,0
freertos,pico,261,10000,2602020,10000,0,8,0
freertos,pico,262,10000,2612020,10000,0,8,0
freertos,pico,263,10000,2622020,10000,0,8,0
freertos,pico,264,10000,2632020,10000,0,8,0
freertos,pico,265,10000,2642020,10000,0,8,0
freertos,pico,266,10000,2652020,10000,0,8,0
freertos,pico,267,10000,2662020,10000,0,8,0
freertos,pico,268,10000,2672020,10000,0,8,0
freertos,pico,269,10000,2682020,10000,0,8,0
freertos,pico,270,10000,2692020,10000,0,8,0
freertos,pico,271,10000,2702020,10000,0,8,0
freertos,pico,272,10000,2712020,10000,0,8,0
freertos,pico,273,10000,2722020,10000,0,8,0
freertos,pico,274,10000,2732020,10000,0,8,0
freertos,pico,275,10000,2742020,10000,0,8,0
freertos,pico,276,10000,2752020,10000,0,8,0
freertos,pico,277,10000,2762020,10000,0,8,0
freertos,pico,278,10000,2772020,10000,0,8,0
freertos,pico,279,10000,2782020,10000,0,8,0
freertos,pico,280,10000,2792020,10000,0,8,0
freertos,pico,281,10000,2802020,10000,0,8,0
freertos,pico,282,10000,2812020,10000,0,8,0
freertos,pico,283,10000,2822020,10000,0,8,0
freertos,pico,284,10000,2832020,10000,0,8,0
freertos,pico,285,10000,2842020,10000,0,8,0
freertos,pico,286,10000,2852020,10000,0,8,0
freertos,pico,287,10000,2862020,10000,0,8,0
freertos,pico,288,10000,2872020,10000,0,8,0
freertos,pico,289,10000,2882020,10000,0,8,0
freertos,pico,290,10000,2892020,10000,0,8,0
freertos,pico,291,10000,2902020,10000,0,8,0
freertos,pico,292,10000,2912020,10000,0,8,0
freertos,pico,293,10000,2922020,10000,0,8,0
freertos,pico,294,10000,2932020,10000,0,8,0
freertos,pico,295,10000,2942020,10000,0,8,0
freertos,pico,296,10000,2952020,10000,0,8,0
freertos,pico,297,10000,2962020,10000,0,8,0
freertos,pico,298,10000,2972020,10000,0,8,0
freertos,pico,299,10000,2982020,10000,0,8,0
freertos,pico,300,10000,2992020,10000,0,8,0
freertos,pico,301,10000,3002020,10000,0,8,0
freertos,pico,302,10000,3012020,10000,0,8,0
freertos,pico,303,10000,3022020,10000,0,8,0
freertos,pico,304,10000,3032020,10000,0,8,0
freertos,pico,305,10000,3042020,10000,0,8,0
freertos,pico,306,10000,3052020,10000,0,8,0
freertos,pico,307,10000,3062020,10000,0,8,0
freertos,pico,308,10000,3072020,10000,0,8,0
freertos,pico,309,10000,3082020,10000,0,8,0
freertos,pico,310,10000,3092020,10000,0,8,0
freertos,pico,311,10000,3102020,10000,0,8,0
freertos,pico,312,10000,3112020,10000,0,8,0
freertos,pico,313,10000,3122020,10000,0,8,0
freertos,pico,314,10000,3132020,10000,0,8,0
freertos,pico,315,10000,3142020,10000,0,8,0
freertos,pico,316,10000,3152020,10000,0,8,0
freertos,pico,317,10000,3162020,10000,0,8,0
freertos,pico,318,10000,3172020,10000,0,8,0
freertos,pico,319,10000,3182020,10000,0,8,0
freertos,pico,320,10000,3192020,10000,0,8,0
freertos,pico,321,10000,3202020,10000,0,8,0
freertos,pico,322,10000,3212020,10000,0,8,0
freertos,pico,323,10000,3222020,10000,0,8,0
freertos,pico,324,10000,3232020,10000,0,8,0
freertos,pico,325,10000,3242020,10000,0,8,0
freertos,pico,326,10000,3252020,10000,0,8,0
freertos,pico,327,10000,3262020,10000,0,8,0
freertos,pico,328,10000,3272020,10000,0,8,0
freertos,pico,329,10000,3282020,10000,0,8,0
freertos,pico,330,10000,3292020,10000,0,8,0
freertos,pico,331,10000,3302020,10000,0,8,0
freertos,pico,332,10000,3312020,10000,0,8,0
freertos,pico,333,10000,3322020,10000,0,8,0
freertos,pico,334,10000,3332020,10000,0,8,0
freertos,pico,335,10000,3342020,10000,0,8,0
freertos,pico,336,10000,3352020,10000,0,8,0
freertos,pico,337,10000,3362020,10000,0,8,0
freertos,pico,338,10000,3372020,10000,0,8,0
freertos,pico,339,10000,3382020,10000,0,8,0
freertos,pico,340,10000,3392020,10000,0,8,0
freertos,pico,341,10000,3402020,10000,0,8,0
freertos,pico,342,10000,3412020,10000,0,8,0
freertos,pico,343,10000,3422020,10000,0,8,0
freertos,pico,344,10000,3432020,10000,0,8,0
freertos,pico,345,10000,3442020,10000,0,8,0
freertos,pico,346,10000,3452020,10000,0,8,0
freertos,pico,347,10000,3462020,10000,0,8,0
freertos,pico,348,10000,3472020,10000,0,8,0
freertos,pico,349,10000,3482020,10000,0,8,0
freertos,pico,350,10000,3492020,10000,0,8,0
freertos,pico,351,10000,3502020,10000,0,8,0
freertos,pico,352,10000,3512020,10000,0,8,0
freertos,pico,353,10000,3522020,10000,0,8,0
freertos,pico,354,10000,3532020,10000,0,8,0
freertos,pico,355,10000,3542020,10000,0,8,0
freertos,pico,356,10000,3552020,10000,0,8,0
freertos,pico,357,10000,3562020,10000,0,8,0
freertos,pico,358,10000,3572020,10000,0,8,0
freertos,pico,359,10000,3582020,10000,0,8,0
freertos,pico,360,10000,3592020,10000,0,8,0
freertos,pico,361,10000,3602020,10000,0,8,0
freertos,pico,362,10000,3612020,10000,0,8,0
freertos,pico,363,10000,3622020,10000,0,8,0
freertos,pico,364,10000,3632020,10000,0,8,0
freertos,pico,365,10000,3642020,10000,0,8,0
freertos,pico,366,10000,3652020,10000,0,8,0
freertos,pico,367,10000,3662020,10000,0,8,0
freertos,pico,368,10000,3672020,10000,0,8,0
freertos,pico,369,10000,3682020,10000,0,8,0
freertos,pico,370,10000,3692020,10000,0,8,0
freertos,pico,371,10000,3702020,10000,0,8,0
freertos,pico,372,10000,3712020,10000,0,8,0
freertos,pico,373,10000,3722020,10000,0,8,0
freertos,pico,374,10000,3732020,10000,0,8,0
freertos,pico,375,10000,3742020,10000,0,8,0
freertos,pico,376,10000,3752020,10000,0,8,0
freertos,pico,377,10000,3762020,10000,0,8,0
freertos,pico,378,10000,3772020,10000,0,8,0
freertos,pico,379,10000,3782020,10000,0,8,0
freertos,pico,380,10000,3792020,10000,0,8,0
freertos,pico,381,10000,3802020,10000,0,8,0
freertos,pico,382,10000,3812020,10000,0,8,0
freertos,pico,383,10000,3822020,10000,0,8,0
freertos,pico,384,10000,3832020,10000,0,8,0
freertos,pico,385,10000,3842020,10000,0,8,0
freertos,pico,386,10000,3852020,10000,0,8,0
freertos,pico,387,10000,3862020,10000,0,8,0
freertos,pico,388,10000,3872020,10000,0,8,0
freertos,pico,389,10000,3882020,10000,0,8,0
freertos,pico,390,10000,3892020,10000,0,8,0
freertos,pico,391,10000,3902020,10000,0,8,0
freertos,pico,392,10000,3912020,10000,0,8,0
freertos,pico,393,10000,3922020,10000,0,8,0
freertos,pico,394,10000,3932020,10000,0,8,0
freertos,pico,395,10000,3942020,10000,0,8,0
freertos,pico,396,10000,3952020,10000,0,8,0
freertos,pico,397,10000,3962020,10000,0,8,0
freertos,pico,398,10000,3972020,10000,0,8,0
freertos,pico,399,10000,3982020,10000,0,8,0
freertos,pico,400,10000,3992020,10000,0,8,0
freertos,pico,401,10000,4002020,10000,0,8,0
freertos,pico,402,10000,4012020,10000,0,8,0
freertos,pico,403,10000,4022020,10000,0,8,0
freertos,pico,404,10000,4032020,10000,0,8,0
freertos,pico,405,10000,4042020,10000,0,8,0
freertos,pico,406,10000,4052020,10000,0,8,0
freertos,pico,407,10000,4062020,10000,0,8,0
freertos,pico,408,10000,4072020,10000,0,8,0
freertos,pico,409,10000,4082020,10000,0,8,0
freertos,pico,410,10000,4092020,10000,0,8,0
freertos,pico,411,10000,4102020,10000,0,8,0
freertos,pico,412,10000,4112020,10000,0,8,0
freertos,pico,413,10000,4122020,10000,0,8,0
freertos,pico,414,10000,4132020,10000,0,8,0
freertos,pico,415,10000,4142020,10000,0,8,0
freertos,pico,416,10000,4152020,10000,0,8,0
freertos,pico,417,10000,4162020,10000,0,8,0
freertos,pico,418,10000,4172020,10000,0,8,0
freertos,pico,419,10000,4182020,10000,0,8,0
freertos,pico,420,10000,4192020,10000,0,8,0
freertos,pico,421,10000,4202020,10000,0,8,0
freertos,pico,422,10000,4212020,10000,0,8,0
freertos,pico,423,10000,4222020,10000,0,8,0
freertos,pico,424,10000,4232020,10000,0,8,0
freertos,pico,425,10000,4242020,10000,0,8,0
freertos,pico,426,10000,4252020,10000,0,8,0
freertos,pico,427,10000,4262020,10000,0,8,0
freertos,pico,428,10000,4272020,10000,0,8,0
freertos,pico,429,10000,4282020,10000,0,8,0
freertos,pico,430,10000,4292020,10000,0,8,0
freertos,pico,431,10000,4302020,10000,0,8,0
freertos,pico,432,10000,4312020,10000,0,8,0
freertos,pico,433,10000,4322020,10000,0,8,0
freertos,pico,434,10000,4332020,10000,0,8,0
freertos,pico,435,10000,4342020,10000,0,8,0
freertos,pico,436,10000,4352020,10000,0,8,0
freertos,pico,437,10000,4362020,10000,0,8,0
freertos,pico,438,10000,4372020,10000,0,8,0
freertos,pico,439,10000,4382020,10000,0,8,0
freertos,pico,440,10000,4392020,10000,0,8,0
freertos,pico,441,10000,4402020,10000,0,8,0
freertos,pico,442,10000,4412020,10000,0,8,0
freertos,pico,443,10000,4422020,10000,0,8,0
freertos,pico,444,10000,4432020,10000,0,8,0
freertos,pico,445,10000,4442020,10000,0,8,0
freertos,pico,446,10000,4452020,10000,0,8,0
freertos,pico,447,10000,4462020,10000,0,8,0
freertos,pico,448,10000,4472020,10000,0,8,0
freertos,pico,449,10000,4482020,10000,0,8,0
freertos,pico,450,10000,4492020,10000,0,8,0
freertos,pico,451,10000,4502020,10000,0,8,0
freertos,pico,452,10000,4512020,10000,0,8,0
freertos,pico,453,10000,4522020,10000,0,8,0
freertos,pico,454,10000,4532020,10000,0,8,0
freertos,pico,455,10000,4542020,10000,0,8,0
freertos,pico,456,10000,4552020,10000,0,8,0
freertos,pico,457,10000,4562020,10000,0,8,0
freertos,pico,458,10000,4572020,10000,0,8,0
freertos,pico,459,10000,4582020,10000,0,8,0
freertos,pico,460,10000,4592020,10000,0,8,0
freertos,pico,461,10000,4602020,10000,0,8,0
freertos,pico,462,10000,4612020,10000,0,8,0
freertos,pico,463,10000,4622020,10000,0,8,0
freertos,pico,464,10000,4632020,10000,0,8,0
freertos,pico,465,10000,4642020,10000,0,8,0
freertos,pico,466,10000,4652020,10000,0,8,0
freertos,pico,467,10000,4662020,10000,0,8,0
freertos,pico,468,10000,4672020,10000,0,8,0
freertos,pico,469,10000,4682020,10000,0,8,0
freertos,pico,470,10000,4692020,10000,0,8,0
freertos,pico,471,10000,4702020,10000,0,8,0
freertos,pico,472,10000,4712020,10000,0,8,0
freertos,pico,473,10000,4722020,10000,0,8,0
freertos,pico,474,10000,4732020,10000,0,8,0
freertos,pico,475,10000,4742020,10000,0,8,0
freertos,pico,476,10000,4752020,10000,0,8,0
freertos,pico,477,10000,4762020,10000,0,8,0
freertos,pico,478,10000,4772020,10000,0,8,0
freertos,pico,479,10000,4782020,10000,0,8,0
freertos,pico,480,10000,4792020,10000,0,8,0
freertos,pico,481,10000,4802020,10000,0,8,0
freertos,pico,482,10000,4812020,10000,0,8,0
freertos,pico,483,10000,4822020,10000,0,8,0
freertos,pico,484,10000,4832020,10000,0,8,0
freertos,pico,485,10000,4842020,10000,0,8,0
freertos,pico,486,10000,4852020,10000,0,8,0
freertos,pico,487,10000,4862020,10000,0,8,0
freertos,pico,488,10000,4872020,10000,0,8,0
freertos,pico,489,10000,4882020,10000,0,8,0
freertos,pico,490,10000,4892020,10000,0,8,0
freertos,pico,491,10000,4902020,10000,0,8,0
freertos,pico,492,10000,4912020,10000,0,8,0
freertos,pico,493,10000,4922020,10000,0,8,0
freertos,pico,494,10000,4932020,10000,0,8,0
freertos,pico,495,10000,4942020,10000,0,8,0
freertos,pico,496,10000,4952020,10000,0,8,0
freertos,pico,497,10000,4962020,10000,0,8,0
freertos,pico,498,10000,4972020,10000,0,8,0
freertos,pico,499,10000,4982020,10000,0,8,0
freertos,pico,500,10000,4992020,10000,0,8,0
freertos,pico,501,10000,5002020,10000,0,8,0
freertos,pico,502,10000,5012020,10000,0,8,0
freertos,pico,503,10000,5022020,10000,0,8,0
freertos,pico,504,10000,5032020,10000,0,8,0
freertos,pico,505,10000,5042020,10000,0,8,0
freertos,pico,506,10000,5052020,10000,0,8,0
freertos,pico,507,10000,5062020,10000,0,8,0
freertos,pico,508,10000,5072020,10000,0,8,0
freertos,pico,509,10000,5082020,10000,0,8,0
freertos,pico,510,10000,5092020,10000,0,8,0
freertos,pico,511,10000,5102020,10000,0,8,0
freertos,pico,512,10000,5112020,10000,0,8,0
freertos,pico,513,10000,5122020,10000,0,8,0
freertos,pico,514,10000,5132020,10000,0,8,0
freertos,pico,515,10000,5142020,10000,0,8,0
freertos,pico,516,10000,5152020,10000,0,8,0
freertos,pico,517,10000,5162020,10000,0,8,0
freertos,pico,518,10000,5172020,10000,0,8,0
freertos,pico,519,10000,5182020,10000,0,8,0
freertos,pico,520,10000,5192020,10000,0,8,0
freertos,pico,521,10000,5202020,10000,0,8,0
freertos,pico,522,10000,5212020,10000,0,8,0
freertos,pico,523,10000,5222020,10000,0,8,0
freertos,pico,524,10000,5232020,10000,0,8,0
freertos,pico,525,10000,5242020,10000,0,8,0
freertos,pico,526,10000,5252020,10000,0,8,0
freertos,pico,527,10000,5262020,10000,0,8,0
freertos,pico,528,10000,5272020,10000,0,8,0
freertos,pico,529,10000,5282020,10000,0,8,0
freertos,pico,530,10000,5292020,10000,0,8,0
freertos,pico,531,10000,5302020,10000,0,8,0
freertos,pico,532,10000,5312020,10000,0,8,0
freertos,pico,533,10000,5322020,10000,0,8,0
freertos,pico,534,10000,5332020,10000,0,8,0
freertos,pico,535,10000,5342020,10000,0,8,0
freertos,pico,536,10000,5352020,10000,0,8,0
freertos,pico,537,10000,5362020,10000,0,8,0
freertos,pico,538,10000,5372020,10000,0,8,0
freertos,pico,539,10000,5382020,10000,0,8,0
freertos,pico,540,10000,5392020,10000,0,8,0
freertos,pico,541,10000,5402020,10000,0,8,0
freertos,pico,542,10000,5412020,10000,0,8,0
freertos,pico,543,10000,5422020,10000,0,8,0
freertos,pico,544,10000,5432020,10000,0,8,0
freertos,pico,545,10000,5442020,10000,0,8,0
freertos,pico,546,10000,5452020,10000,0,8,0
freertos,pico,547,10000,5462020,10000,0,8,0
freertos,pico,548,10000,5472020,10000,0,8,0
freertos,pico,549,10000,5482020,10000,0,8,0
freertos,pico,550,10000,5492020,10000,0,8,0
freertos,pico,551,10000,5502020,10000,0,8,0
freertos,pico,552,10000,5512020,10000,0,8,0
freertos,pico,553,10000,5522020,10000,0,8,0
freertos,pico,554,10000,5532020,10000,0,8,0
freertos,pico,555,10000,5542020,10000,0,8,0
freertos,pico,556,10000,5552020,10000,0,8,0
freertos,pico,557,10000,5562020,10000,0,8,0
freertos,pico,558,10000,5572020,10000,0,8,0
freertos,pico,559,10000,5582020,10000,0,8,0
freertos,pico,560,10000,5592020,10000,0,8,0
freertos,pico,561,10000,5602020,10000,0,8,0
freertos,pico,562,10000,5612020,10000,0,8,0
freertos,pico,563,10000,5622020,10000,0,8,0
freertos,pico,564,10000,5632020,10000,0,8,0
freertos,pico,565,10000,5642020,10000,0,8,0
freertos,pico,566,10000,5652020,10000,0,8,0
freertos,pico,567,10000,5662020,10000,0,8,0
freertos,pico,568,10000,5672020,10000,0,8,0
freertos,pico,569,10000,5682020,10000,0,8,0
freertos,pico,570,10000,5692020,10000,0,8,0
freertos,pico,571,10000,5702020,10000,0,8,0
freertos,pico,572,10000,5712020,10000,0,8,0
freertos,pico,573,10000,5722020,10000,0,8,0
freertos,pico,574,10000,5732020,10000,0,8,0
freertos,pico,575,10000,5742020,10000,0,8,0
freertos,pico,576,10000,5752020,10000,0,8,0
freertos,pico,577,10000,5762020,10000,0,8,0
freertos,pico,578,10000,5772020,10000,0,8,0
freertos,pico,579,10000,5782020,10000,0,8,0
freertos,pico,580,10000,5792020,10000,0,8,0
freertos,pico,581,10000,5802020,10000,0,8,0
freertos,pico,582,10000,5812020,10000,0,8,0
freertos,pico,583,10000,5822020,10000,0,8,0
freertos,pico,584,10000,5832020,10000,0,8,0
freertos,pico,585,10000,5842020,10000,0,8,0
freertos,pico,586,10000,5852020,10000,0,8,0
freertos,pico,587,10000,5862020,10000,0,8,0
freertos,pico,588,10000,5872020,10000,0,8,0
freertos,pico,589,10000,5882020,10000,0,8,0
freertos,pico,590,10000,5892020,10000,0,8,0
freertos,pico,591,10000,5902020,10000,0,8,0
freertos,pico,592,10000,5912020,10000,0,8,0
freertos,pico,593,10000,5922020,10000,0,8,0
freertos,pico,594,10000,5932020,10000,0,8,0
freertos,pico,595,10000,5942020,10000,0,8,0
freertos,pico,596,10000,5952020,10000,0,8,0
freertos,pico,597,10000,5962020,10000,0,8,0
freertos,pico,598,10000,5972020,10000,0,8,0
freertos,pico,599,10000,5982020,10000,0,8,0
freertos,pico,600,10000,5992020,10000,0,8,0
freertos,pico,601,10000,6002020,10000,0,8,0
freertos,pico,602,10000,6012020,10000,0,8,0
freertos,pico,603,10000,6022020,10000,0,8,0
freertos,pico,604,10000,6032020,10000,0,8,0
freertos,pico,605,10000,6042020,10000,0,8,0
freertos,pico,606,10000,6052020,10000,0,8,0
freertos,pico,607,10000,6062020,10000,0,8,0
freertos,pico,608,10000,6072020,10000,0,8,0
freertos,pico,609,10000,6082020,10000,0,8,0
freertos,pico,610,10000,6092020,10000,0,8,0
freertos,pico,611,10000,6102020,10000,0,8,0
freertos,pico,612,10000,6112020,10000,0,8,0
freertos,pico,613,10000,6122020,10000,0,8,0
freertos,pico,614,10000,6132020,10000,0,8,0
freertos,pico,615,10000,6142020,10000,0,8,0
freertos,pico,616,10000,6152020,10000,0,8,0
freertos,pico,617,10000,6162020,10000,0,8,0
freertos,pico,618,10000,6172020,10000,0,8,0
freertos,pico,619,10000,6182020,10000,0,8,0
freertos,pico,620,10000,6192020,10000,0,8,0
freertos,pico,621,10000,6202020,10000,0,8,0
freertos,pico,622,10000,6212020,10000,0,8,0
freertos,pico,623,10000,6222020,10000,0,8,0
freertos,pico,624,10000,6232020,10000,0,8,0
freertos,pico,625,10000,6242020,10000,0,8,0
freertos,pico,626,10000,6252020,10000,0,8,0
freertos,pico,627,10000,6262020,10000,0,8,0
freertos,pico,628,10000,6272020,10000,0,8,0
freertos,pico,629,10000,6282020,10000,0,8,0
freertos,pico,630,10000,6292020,10000,0,8,0
freertos,pico,631,10000,6302020,10000,0,8,0
freertos,pico,632,10000,6312020,10000,0,8,0
freertos,pico,633,10000,6322020,10000,0,8,0
freertos,pico,634,10000,6332020,10000,0,8,0
freertos,pico,635,10000,6342020,10000,0,8,0
freertos,pico,636,10000,6352020,10000,0,8,0
freertos,pico,637,10000,6362020,10000,0,8,0
freertos,pico,638,10000,6372020,10000,0,8,0
freertos,pico,639,10000,6382020,10000,0,8,0
freertos,pico,640,10000,6392020,10000,0,8,0
freertos,pico,641,10000,6402020,10000,0,8,0
freertos,pico,642,10000,6412020,10000,0,8,0
freertos,pico,643,10000,6422020,10000,0,8,0
freertos,pico,644,10000,6432020,10000,0,8,0
freertos,pico,645,10000,6442020,10000,0,8,0
freertos,pico,646,10000,6452020,10000,0,8,0
freertos,pico,647,10000,6462020,10000,0,8,0
freertos,pico,648,10000,6472020,10000,0,8,0
freertos,pico,649,10000,6482020,10000,0,8,0
freertos,pico,650,10000,6492020,10000,0,8,0
freertos,pico,651,10000,6502020,10000,0,8,0
freertos,pico,652,10000,6512020,10000,0,8,0
freertos,pico,653,10000,6522020,10000,0,8,0
freertos,pico,654,10000,6532020,10000,0,8,0
freertos,pico,655,10000,6542020,10000,0,8,0
freertos,pico,656,10000,6552020,10000,0,8,0
freertos,pico,657,10000,6562020,10000,0,8,0
freertos,pico,658,10000,6572020,10000,0,8,0
freertos,pico,659,10000,6582020,10000,0,8,0
freertos,pico,660,10000,6592020,10000,0,8,0
freertos,pico,661,10000,6602020,10000,0,8,0
freertos,pico,662,10000,6612020,10000,0,8,0
freertos,pico,663,10000,6622020,10000,0,8,0
freertos,pico,664,10000,6632020,10000,0,8,0
freertos,pico,665,10000,6642020,10000,0,8,0
freertos,pico,666,10000,6652020,10000,0,8,0
freertos,pico,667,10000,6662020,10000,0,8,0
freertos,pico,668,10000,6672020,10000,0,8,0
freertos,pico,669,10000,6682020,10000,0,8,0
freertos,pico,670,10000,6692020,10000,0,8,0
freertos,pico,671,10000,6702020,10000,0,8,0
freertos,pico,672,10000,6712020,10000,0,8,0
freertos,pico,673,10000,6722020,10000,0,8,0
freertos,pico,674,10000,6732020,10000,0,8,0
freertos,pico,675,10000,6742020,10000,0,8,0
freertos,pico,676,10000,6752020,10000,0,8,0
freertos,pico,677,10000,6762020,10000,0,8,0
freertos,pico,678,10000,6772020,10000,0,8,0
freertos,pico,679,10000,6782020,10000,0,8,0
freertos,pico,680,10000,6792020,10000,0,8,0
freertos,pico,681,10000,6802020,10000,0,8,0
freertos,pico,682,10000,6812020,10000,0,8,0
freertos,pico,683,10000,6822020,10000,0,8,0
freertos,pico,684,10000,6832020,10000,0,8,0
freertos,pico,685,10000,6842020,10000,0,8,0
freertos,pico,686,10000,6852020,10000,0,8,0
freertos,pico,687,10000,6862020,10000,0,8,0
freertos,pico,688,10000,6872020,10000,0,8,0
freertos,pico,689,10000,6882020,10000,0,8,0
freertos,pico,690,10000,6892020,10000,0,8,0
freertos,pico,691,10000,6902020,10000,0,8,0
freertos,pico,692,10000,6912020,10000,0,8,0
freertos,pico,693,10000,6922020,10000,0,8,0
freertos,pico,694,10000,6932020,10000,0,8,0
freertos,pico,695,10000,6942020,10000,0,8,0
freertos,pico,696,10000,6952020,10000,0,8,0
freertos,pico,697,10000,6962020,10000,0,8,0
freertos,pico,698,10000,6972020,10000,0,8,0
freertos,pico,699,10000,6982020,10000,0,8,0
freertos,pico,700,10000,6992020,10000,0,8,0
freertos,pico,701,10000,7002020,10000,0,8,0
freertos,pico,702,10000,7012020,10000,0,8,0
freertos,pico,703,10000,7022020,10000,0,8,0
freertos,pico,704,10000,7032020,10000,0,8,0
freertos,pico,705,10000,7042020,10000,0,8,0
freertos,pico,706,10000,7052020,10000,0,8,0
freertos,pico,707,10000,7062020,10000,0,8,0
freertos,pico,708,10000,7072020,10000,0,8,0
freertos,pico,709,10000,7082020,10000,0,8,0
freertos,pico,710,10000,7092020,10000,0,8,0
freertos,pico,711,10000,7102020,10000,0,8,0
freertos,pico,712,10000,7112020,10000,0,8,0
freertos,pico,713,10000,7122020,10000,0,8,0
freertos,pico,714,10000,7132020,10000,0,8,0
freertos,pico,715,10000,7142020,10000,0,8,0
freertos,pico,716,10000,7152020,10000,0,8,0
freertos,pico,717,10000,7162020,10000,0,8,0
freertos,pico,718,10000,7172020,10000,0,8,0
freertos,pico,719,10000,7182020,10000,0,8,0
freertos,pico,720,10000,7192020,10000,0,8,0
freertos,pico,721,10000,7202020,10000,0,8,0
freertos,pico,722,10000,7212020,10000,0,8,0
freertos,pico,723,10000,7222020,10000,0,8,0
freertos,pico,724,10000,7232020,10000,0,8,0
freertos,pico,725,10000,7242020,10000,0,8,0
freertos,pico,726,10000,7252020,10000,0,8,0
freertos,pico,727,10000,7262020,10000,0,8,0
freertos,pico,728,10000,7272020,10000,0,8,0
freertos,pico,729,10000,7282020,10000,0,8,0
freertos,pico,730,10000,7292020,10000,0,8,0
freertos,pico,731,10000,7302020,10000,0,8,0
freertos,pico,732,10000,7312020,10000,0,8,0
freertos,pico,733,10000,7322020,10000,0,8,0
freertos,pico,734,10000,7332020,10000,0,8,0
freertos,pico,735,10000,7342020,10000,0,8,0
freertos,pico,736,10000,7352020,10000,0,8,0
freertos,pico,737,10000,7362020,10000,0,8,0
freertos,pico,738,10000,7372020,10000,0,8,0
freertos,pico,739,10000,7382020,10000,0,8,0
freertos,pico,740,10000,7392020,10000,0,8,0
freertos,pico,741,10000,7402020,10000,0,8,0
freertos,pico,742,10000,7412020,10000,0,8,0
freertos,pico,743,10000,7422020,10000,0,8,0
freertos,pico,744,10000,7432020,10000,0,8,0
freertos,pico,745,10000,7442020,10000,0,8,0
freertos,pico,746,10000,7452020,10000,0,8,0
freertos,pico,747,10000,7462020,10000,0,8,0
freertos,pico,748,10000,7472020,10000,0,8,0
freertos,pico,749,10000,7482020,10000,0,8,0
freertos,pico,750,10000,7492020,10000,0,8,0
freertos,pico,751,10000,7502020,10000,0,8,0
freertos,pico,752,10000,7512020,10000,0,8,0
freertos,pico,753,10000,7522020,10000,0,8,0
freertos,pico,754,10000,7532020,10000,0,8,0
freertos,pico,755,10000,7542020,10000,0,8,0
freertos,pico,756,10000,7552020,10000,0,8,0
freertos,pico,757,10000,7562020,10000,0,8,0
freertos,pico,758,10000,7572020,10000,0,8,0
freertos,pico,759,10000,7582020,10000,0,8,0
freertos,pico,760,10000,7592020,10000,0,8,0
freertos,pico,761,10000,7602020,10000,0,8,0
freertos,pico,762,10000,7612020,10000,0,8,0
freertos,pico,763,10000,7622020,10000,0,8,0
freertos,pico,764,10000,7632020,10000,0,8,0
freertos,pico,765,10000,7642020,10000,0,8,0
freertos,pico,766,10000,7652020,10000,0,8,0
freertos,pico,767,10000,7662020,10000,0,8,0
freertos,pico,768,10000,7672020,10000,0,8,0
freertos,pico,769,10000,7682020,10000,0,8,0
freertos,pico,770,10000,7692020,10000,0,8,0
freertos,pico,771,10000,7702020,10000,0,8,0
freertos,pico,772,10000,7712020,10000,0,8,0
freertos,pico,773,10000,7722020,10000,0,8,0
freertos,pico,774,10000,7732020,10000,0,8,0
freertos,pico,775,10000,7742020,10000,0,8,0
freertos,pico,776,10000,7752020,10000,0,8,0
freertos,pico,777,10000,7762020,10000,0,8,0
freertos,pico,778,10000,7772020,10000,0,8,0
freertos,pico,779,10000,7782020,10000,0,8,0
freertos,pico,780,10000,7792020,10000,0,8,0
freertos,pico,781,10000,7802020,10000,0,8,0
freertos,pico,782,10000,7812020,10000,0,8,0
freertos,pico,783,10000,7822020,10000,0,8,0
freertos,pico,784,10000,7832020,10000,0,8,0
freertos,pico,785,10000,7842020,10000,0,8,0
freertos,pico,786,10000,7852020,10000,0,8,0
freertos,pico,787,10000,7862020,10000,0,8,0
freertos,pico,788,10000,7872020,10000,0,8,0
freertos,pico,789,10000,7882020,10000,0,8,0
freertos,pico,790,10000,7892020,10000,0,8,0
freertos,pico,791,10000,7902020,10000,0,8,0
freertos,pico,792,10000,7912020,10000,0,8,0
freertos,pico,793,10000,7922020,10000,0,8,0
freertos,pico,794,10000,7932020,10000,0,8,0
freertos,pico,795,10000,7942020,10000,0,8,0
freertos,pico,796,10000,7952020,10000,0,8,0
freertos,pico,797,10000,7962020,10000,0,8,0
freertos,pico,798,10000,7972020,10000,0,8,0
freertos,pico,799,10000,7982020,10000,0,8,0
freertos,pico,800,10000,7992020,10000,0,8,0
freertos,pico,801,10000,8002020,10000,0,8,0
freertos,pico,802,10000,8012020,10000,0,8,0
freertos,pico,803,10000,8022020,10000,0,8,0
freertos,pico,804,10000,8032020,10000,0,8,0
freertos,pico,805,10000,8042020,10000,0,8,0
freertos,pico,806,10000,8052020,10000,0,8,0
freertos,pico,807,10000,8062020,10000,0,8,0
freertos,pico,808,10000,8072020,10000,0,8,0
freertos,pico,809,10000,8082020,10000,0,8,0
freertos,pico,810,10000,8092020,10000,0,8,0
freertos,pico,811,10000,8102020,10000,0,8,0
freertos,pico,812,10000,8112020,10000,0,8,0
freertos,pico,813,10000,8122020,10000,0,8,0
freertos,pico,814,10000,8132020,10000,0,8,0
freertos,pico,815,10000,8142020,10000,0,8,0
freertos,pico,816,10000,8152020,10000,0,8,0
freertos,pico,817,10000,8162020,10000,0,8,0
freertos,pico,818,10000,8172020,10000,0,8,0
freertos,pico,819,10000,8182020,10000,0,8,0
freertos,pico,820,10000,8192020,10000,0,8,0
freertos,pico,821,10000,8202020,10000,0,8,0
freertos,pico,822,10000,8212020,10000,0,8,0
freertos,pico,823,10000,8222020,10000,0,8,0
freertos,pico,824,10000,8232020,10000,0,8,0
freertos,pico,825,10000,8242020,10000,0,8,0
freertos,pico,826,10000,8252020,10000,0,8,0
freertos,pico,827,10000,8262020,10000,0,8,0
freertos,pico,828,10000,8272020,10000,0,8,0
freertos,pico,829,10000,8282020,10000,0,8,0
freertos,pico,830,10000,8292020,10000,0,8,0
freertos,pico,831,10000,8302020,10000,0,8,0
freertos,pico,832,10000,8312020,10000,0,8,0
freertos,pico,833,10000,8322020,10000,0,8,0
freertos,pico,834,10000,8332020,10000,0,8,0
freertos,pico,835,10000,8342020,10000,0,8,0
freertos,pico,836,10000,8352020,10000,0,8,0
freertos,pico,837,10000,8362020,10000,0,8,0
freertos,pico,838,10000,8372020,10000,0,8,0
freertos,pico,839,10000,8382020,10000,0,8,0
freertos,pico,840,10000,8392020,10000,0,8,0
freertos,pico,841,10000,8402020,10000,0,8,0
freertos,pico,842,10000,8412020,10000,0,8,0
freertos,pico,843,10000,8422020,10000,0,8,0
freertos,pico,844,10000,8432020,10000,0,8,0
freertos,pico,845,10000,8442020,10000,0,8,0
freertos,pico,846,10000,8452020,10000,0,8,0
freertos,pico,847,10000,8462020,10000,0,8,0
freertos,pico,848,10000,8472020,10000,0,8,0
freertos,pico,849,10000,8482020,10000,0,8,0
freertos,pico,850,10000,8492020,10000,0,8,0
freertos,pico,851,10000,8502020,10000,0,8,0
freertos,pico,852,10000,8512020,10000,0,8,0
freertos,pico,853,10000,8522020,10000,0,8,0
freertos,pico,854,10000,8532020,10000,0,8,0
freertos,pico,855,10000,8542020,10000,0,8,0
freertos,pico,856,10000,8552020,10000,0,8,0
freertos,pico,857,10000,8562020,10000,0,8,0
freertos,pico,858,10000,8572020,10000,0,8,0
freertos,pico,859,10000,8582020,10000,0,8,0
freertos,pico,860,10000,8592020,10000,0,8,0
freertos,pico,861,10000,8602020,10000,0,8,0
freertos,pico,862,10000,8612020,10000,0,8,0
freertos,pico,863,10000,8622020,10000,0,8,0
freertos,pico,864,10000,8632020,10000,0,8,0
freertos,pico,865,10000,8642020,10000,0,8,0
freertos,pico,866,10000,8652020,10000,0,8,0
freertos,pico,867,10000,8662020,10000,0,8,0
freertos,pico,868,10000,8672020,10000,0,8,0
freertos,pico,869,10000,8682020,10000,0,8,0
freertos,pico,870,10000,8692020,10000,0,8,0
freertos,pico,871,10000,8702020,10000,0,8,0
freertos,pico,872,10000,8712020,10000,0,8,0
freertos,pico,873,10000,8722020,10000,0,8,0
freertos,pico,874,10000,8732020,10000,0,8,0
freertos,pico,875,10000,8742020,10000,0,8,0
freertos,pico,876,10000,8752020,10000,0,8,0
freertos,pico,877,10000,8762020,10000,0,8,0
freertos,pico,878,10000,8772020,10000,0,8,0
freertos,pico,879,10000,8782020,10000,0,8,0
freertos,pico,880,10000,8792020,10000,0,8,0
freertos,pico,881,10000,8802020,10000,0,8,0
freertos,pico,882,10000,8812020,10000,0,8,0
freertos,pico,883,10000,8822020,10000,0,8,0
freertos,pico,884,10000,8832020,10000,0,8,0
freertos,pico,885,10000,8842020,10000,0,8,0
freertos,pico,886,10000,8852020,10000,0,8,0
freertos,pico,887,10000,8862020,10000,0,8,0
freertos,pico,888,10000,8872020,10000,0,8,0
freertos,pico,889,10000,8882020,10000,0,8,0
freertos,pico,890,10000,8892020,10000,0,8,0
freertos,pico,891,10000,8902020,10000,0,8,0
freertos,pico,892,10000,8912020,10000,0,8,0
freertos,pico,893,10000,8922020,10000,0,8,0
freertos,pico,894,10000,8932020,10000,0,8,0
freertos,pico,895,10000,8942020,10000,0,8,0
freertos,pico,896,10000,8952020,10000,0,8,0
freertos,pico,897,10000,8962020,10000,0,8,0
freertos,pico,898,10000,8972020,10000,0,8,0
freertos,pico,899,10000,8982020,10000,0,8,0
freertos,pico,900,10000,8992020,10000,0,8,0
freertos,pico,901,10000,9002020,10000,0,8,0
freertos,pico,902,10000,9012020,10000,0,8,0
freertos,pico,903,10000,9022020,10000,0,8,0
freertos,pico,904,10000,9032020,10000,0,8,0
freertos,pico,905,10000,9042020,10000,0,8,0
freertos,pico,906,10000,9052020,10000,0,8,0
freertos,pico,907,10000,9062020,10000,0,8,0
freertos,pico,908,10000,9072020,10000,0,8,0
freertos,pico,909,10000,9082020,10000,0,8,0
freertos,pico,910,10000,9092020,10000,0,8,0
freertos,pico,911,10000,9102020,10000,0,8,0
freertos,pico,912,10000,9112020,10000,0,8,0
freertos,pico,913,10000,9122020,10000,0,8,0
freertos,pico,914,10000,9132020,10000,0,8,0
freertos,pico,915,10000,9142020,10000,0,8,0
freertos,pico,916,10000,9152020,10000,0,8,0
freertos,pico,917,10000,9162020,10000,0,8,0
freertos,pico,918,10000,9172020,10000,0,8,0
freertos,pico,919,10000,9182020,10000,0,8,0
freertos,pico,920,10000,9192020,10000,0,8,0
freertos,pico,921,10000,9202020,10000,0,8,0
freertos,pico,922,10000,9212020,10000,0,8,0
freertos,pico,923,10000,9222020,10000,0,8,0
freertos,pico,924,10000,9232020,10000,0,8,0
freertos,pico,925,10000,9242020,10000,0,8,0
freertos,pico,926,10000,9252020,10000,0,8,0
freertos,pico,927,10000,9262020,10000,0,8,0
freertos,pico,928,10000,9272020,10000,0,8,0
freertos,pico,929,10000,9282020,10000,0,8,0
freertos,pico,930,10000,9292020,10000,0,8,0
freertos,pico,931,10000,9302020,10000,0,8,0
freertos,pico,932,10000,9312020,10000,0,8,0
freertos,pico,933,10000,9322020,10000,0,8,0
freertos,pico,934,10000,9332020,10000,0,8,0
freertos,pico,935,10000,9342020,10000,0,8,0
freertos,pico,936,10000,9352020,10000,0,8,0
freertos,pico,937,10000,9362020,10000,0,8,0
freertos,pico,938,10000,9372020,10000,0,8,0
freertos,pico,939,10000,9382020,10000,0,8,0
freertos,pico,940,10000,9392020,10000,0,8,0
freertos,pico,941,10000,9402020,10000,0,8,0
freertos,pico,942,10000,9412020,10000,0,8,0
freertos,pico,943,10000,9422020,10000,0,8,0
freertos,pico,944,10000,9432020,10000,0,8,0
freertos,pico,945,10000,9442020,10000,0,8,0
freertos,pico,946,10000,9452020,10000,0,8,0
freertos,pico,947,10000,9462020,10000,0,8,0
freertos,pico,948,10000,9472020,10000,0,8,0
freertos,pico,949,10000,9482020,10000,0,8,0
freertos,pico,950,10000,9492020,10000,0,8,0
freertos,pico,951,10000,9502020,10000,0,8,0
freertos,pico,952,10000,9512020,10000,0,8,0
freertos,pico,953,10000,9522020,10000,0,8,0
freertos,pico,954,10000,9532020,10000,0,8,0
freertos,pico,955,10000,9542020,10000,0,8,0
freertos,pico,956,10000,9552020,10000,0,8,0
freertos,pico,957,10000,9562020,10000,0,8,0
freertos,pico,958,10000,9572020,10000,0,8,0
freertos,pico,959,10000,9582020,10000,0,8,0
freertos,pico,960,10000,9592020,10000,0,8,0
freertos,pico,961,10000,9602020,10000,0,8,0
freertos,pico,962,10000,9612020,10000,0,8,0
freertos,pico,963,10000,9622020,10000,0,8,0
freertos,pico,964,10000,9632020,10000,0,8,0
freertos,pico,965,10000,9642020,10000,0,8,0
freertos,pico,966,10000,9652020,10000,0,8,0
freertos,pico,967,10000,9662020,10000,0,8,0
freertos,pico,968,10000,9672020,10000,0,8,0
freertos,pico,969,10000,9682020,10000,0,8,0
freertos,pico,970,10000,9692020,10000,0,8,0
freertos,pico,971,10000,9702020,10000,0,8,0
freertos,pico,972,10000,9712020,10000,0,8,0
freertos,pico,973,10000,9722020,10000,0,8,0
freertos,pico,974,10000,9732020,10000,0,8,0
freertos,pico,975,10000,9742020,10000,0,8,0
freertos,pico,976,10000,9752020,10000,0,8,0
freertos,pico,977,10000,9762020,10000,0,8,0
freertos,pico,978,10000,9772020,10000,0,8,0
freertos,pico,979,10000,9782020,10000,0,8,0
freertos,pico,980,10000,9792020,10000,0,8,0
freertos,pico,981,10000,9802020,10000,0,8,0
freertos,pico,982,10000,9812020,10000,0,8,0
freertos,pico,983,10000,9822020,10000,0,8,0
freertos,pico,984,10000,9832020,10000,0,8,0
freertos,pico,985,10000,9842020,10000,0,8,0
freertos,pico,986,10000,9852020,10000,0,8,0
freertos,pico,987,10000,9862020,10000,0,8,0
freertos,pico,988,10000,9872020,10000,0,8,0
freertos,pico,989,10000,9882020,10000,0,8,0
freertos,pico,990,10000,9892020,10000,0,8,0
freertos,pico,991,10000,9902020,10000,0,8,0
freertos,pico,992,10000,9912020,10000,0,8,0
freertos,pico,993,10000,9922020,10000,0,8,0
freertos,pico,994,10000,9932020,10000,0,8,0
freertos,pico,995,10000,9942020,10000,0,8,0
freertos,pico,996,10000,9952020,10000,0,8,0
freertos,pico,997,10000,9962020,10000,0,8,0
freertos,pico,998,10000,9972020,10000,0,8,0
freertos,pico,999,10000,9982020,10000,0,8,0
freertos,pico,1000,10000,9992020,10000,0,8,0
