rcv_time_ns,seq,send_time_ns,latency_ns,missing_delta,parse_status
1916733988277331,0,1916733988221739,55592,0,OK
1916733988277331,1,1916733988221739,55592,0,OK
1916733988277331,2,1916733988221739,55592,0,OK
1916734018233638,3,1916734018220471,13167,0,OK
1916734018233638,4,1916734018220471,13167,0,OK
1916734018233638,5,1916734018220471,13167,0,OK
1916734048232648,6,1916734048220574,12074,0,OK
1916734048232648,7,1916734048220574,12074,0,OK
1916734048232648,8,1916734048220574,12074,0,OK
1916734078231769,9,1916734078218954,12815,0,OK
1916734078231769,10,1916734078218954,12815,0,OK
1916734078231769,11,1916734078218954,12815,0,OK
1916734108237983,12,1916734108226316,11667,0,OK
1916734108237983,13,1916734108226316,11667,0,OK
1916734108237983,14,1916734108226316,11667,0,OK
1916734138230586,15,1916734138219197,11389,0,OK
1916734138230586,16,1916734138219197,11389,0,OK
1916734138230586,17,1916734138219197,11389,0,OK
1916734168230133,18,1916734168219114,11019,0,OK
1916734168230133,19,1916734168219114,11019,0,OK
1916734168230133,20,1916734168219114,11019,0,OK
1916734198230236,21,1916734198219069,11167,0,OK
1916734198230236,22,1916734198219069,11167,0,OK
1916734198230236,23,1916734198219069,11167,0,OK
1916734228231227,24,1916734228220116,11111,0,OK
1916734228231227,25,1916734228220116,11111,0,OK
1916734228231227,26,1916734228220116,11111,0,OK
1916734258230311,27,1916734258218867,11444,0,OK
1916734258230311,28,1916734258218867,11444,0,OK
1916734258230311,29,1916734258218867,11444,0,OK
1916734288230229,30,1916734288219025,11204,0,OK
1916734288230229,31,1916734288219025,11204,0,OK
1916734288230229,32,1916734288219025,11204,0,OK
1916734318229813,33,1916734318218869,10944,0,OK
1916734318229813,34,1916734318218869,10944,0,OK
1916734318229813,35,1916734318218869,10944,0,OK
1916734348234323,36,1916734348223083,11240,0,OK
1916734348234323,37,1916734348223083,11240,0,OK
1916734348234323,38,1916734348223083,11240,0,OK
1916734378229834,39,1916734378219000,10834,0,OK
1916734378229834,40,1916734378219000,10834,0,OK
1916734378229834,41,1916734378219000,10834,0,OK
1916734408230770,42,1916734408219140,11630,0,OK
1916734408230770,43,1916734408219140,11630,0,OK
1916734408230770,44,1916734408219140,11630,0,OK
1916734438229687,45,1916734438218928,10759,0,OK
1916734438229687,46,1916734438218928,10759,0,OK
1916734438229687,47,1916734438218928,10759,0,OK
1916734468230253,48,1916734468219827,10426,0,OK
1916734468230253,49,1916734468219827,10426,0,OK
1916734468230253,50,1916734468219827,10426,0,OK
1916734498229800,51,1916734498218911,10889,0,OK
1916734498229800,52,1916734498218911,10889,0,OK
1916734498229800,53,1916734498218911,10889,0,OK
1916734528229866,54,1916734528219088,10778,0,OK
1916734528229866,55,1916734528219088,10778,0,OK
1916734528229866,56,1916734528219088,10778,0,OK
1916734558229487,57,1916734558218857,10630,0,OK
1916734558229487,58,1916734558218857,10630,0,OK
1916734558229487,59,1916734558218857,10630,0,OK
1916734588229553,60,1916734588218608,10945,0,OK
1916734588229553,61,1916734588218608,10945,0,OK
1916734588229553,62,1916734588218608,10945,0,OK
1916734618229767,63,1916734618218989,10778,0,OK
1916734618229767,64,1916734618218989,10778,0,OK
1916734618229767,65,1916734618218989,10778,0,OK
1916734648229980,66,1916734648219017,10963,0,OK
1916734648229980,67,1916734648219017,10963,0,OK
1916734648229980,68,1916734648219017,10963,0,OK
1916734678229990,69,1916734678219250,10740,0,OK
1916734678229990,70,1916734678219250,10740,0,OK
1916734678229990,71,1916734678219250,10740,0,OK
1916734708234797,72,1916734708223797,11000,0,OK
1916734708234797,73,1916734708223797,11000,0,OK
1916734708234797,74,1916734708223797,11000,0,OK
1916734738229492,75,1916734738218844,10648,0,OK
1916734738229492,76,1916734738218844,10648,0,OK
1916734738229492,77,1916734738218844,10648,0,OK
1916734768229928,78,1916734768219169,10759,0,OK
1916734768229928,79,1916734768219169,10759,0,OK
1916734768229928,80,1916734768219169,10759,0,OK
1916734798230309,81,1916734798218809,11500,0,OK
1916734798230309,82,1916734798218809,11500,0,OK
1916734798230309,83,1916734798218809,11500,0,OK
1916734828233689,84,1916734828222375,11314,0,OK
1916734828233689,85,1916734828222375,11314,0,OK
1916734828233689,86,1916734828222375,11314,0,OK
1916734858230866,87,1916734858219366,11500,0,OK
1916734858230866,88,1916734858219366,11500,0,OK
1916734858230866,89,1916734858219366,11500,0,OK
1916734888230117,90,1916734888219062,11055,0,OK
1916734888230117,91,1916734888219062,11055,0,OK
1916734888230117,92,1916734888219062,11055,0,OK
1916734918230627,93,1916734918219424,11203,0,OK
1916734918230627,94,1916734918219424,11203,0,OK
1916734918230627,95,1916734918219424,11203,0,OK
1916734948234452,96,1916734948223452,11000,0,OK
1916734948234452,97,1916734948223452,11000,0,OK
1916734948234452,98,1916734948223452,11000,0,OK
1916734978229518,99,1916734978218833,10685,0,OK
1916734978229518,100,1916734978218833,10685,0,OK
1916734978229518,101,1916734978218833,10685,0,OK
1916735008251473,102,1916735008218899,32574,0,OK
1916735008251473,103,1916735008218899,32574,0,OK
1916735008251473,104,1916735008218899,32574,0,OK
1916735038232946,105,1916735038219964,12982,0,OK
1916735038232946,106,1916735038219964,12982,0,OK
1916735038232946,107,1916735038219964,12982,0,OK
1916735068234974,108,1916735068223419,11555,0,OK
1916735068234974,109,1916735068223419,11555,0,OK
1916735068234974,110,1916735068223419,11555,0,OK
1916735098230096,111,1916735098218892,11204,0,OK
1916735098230096,112,1916735098218892,11204,0,OK
1916735098230096,113,1916735098218892,11204,0,OK
1916735128232124,114,1916735128220013,12111,0,OK
1916735128232124,115,1916735128220013,12111,0,OK
1916735128232124,116,1916735128220013,12111,0,OK
1916735158229820,117,1916735158218838,10982,0,OK
1916735158229820,118,1916735158218838,10982,0,OK
1916735158229820,119,1916735158218838,10982,0,OK
1916735188234219,120,1916735188222885,11334,0,OK
1916735188234219,121,1916735188222885,11334,0,OK
1916735188234219,122,1916735188222885,11334,0,OK
1916735218229729,123,1916735218218859,10870,0,OK
1916735218229729,124,1916735218218859,10870,0,OK
1916735218229729,125,1916735218218859,10870,0,OK
1916735248229887,126,1916735248219054,10833,0,OK
1916735248229887,127,1916735248219054,10833,0,OK
1916735248229887,128,1916735248219054,10833,0,OK
1916735278229694,129,1916735278218934,10760,0,OK
1916735278229694,130,1916735278218934,10760,0,OK
1916735278229694,131,1916735278218934,10760,0,OK
1916735308233482,132,1916735308222445,11037,0,OK
1916735308233482,133,1916735308222445,11037,0,OK
1916735308233482,134,1916735308222445,11037,0,OK
1916735338229566,135,1916735338218825,10741,0,OK
1916735338229566,136,1916735338218825,10741,0,OK
1916735338229566,137,1916735338218825,10741,0,OK
1916735368229872,138,1916735368219095,10777,0,OK
1916735368229872,139,1916735368219095,10777,0,OK
1916735368229872,140,1916735368219095,10777,0,OK
1916735398229734,141,1916735398218938,10796,0,OK
1916735398229734,142,1916735398218938,10796,0,OK
1916735398229734,143,1916735398218938,10796,0,OK
1916735428233467,144,1916735428222393,11074,0,OK
1916735428233467,145,1916735428222393,11074,0,OK
1916735428233467,146,1916735428222393,11074,0,OK
1916735458229588,147,1916735458218810,10778,0,OK
1916735458229588,148,1916735458218810,10778,0,OK
1916735458229588,149,1916735458218810,10778,0,OK
1916735488231209,150,1916735488219746,11463,0,OK
1916735488231209,151,1916735488219746,11463,0,OK
1916735488231209,152,1916735488219746,11463,0,OK
1916735518230997,153,1916735518218719,12278,0,OK
1916735518230997,154,1916735518218719,12278,0,OK
1916735518230997,155,1916735518218719,12278,0,OK
1916735548233674,156,1916735548222470,11204,0,OK
1916735548233674,157,1916735548222470,11204,0,OK
1916735548233674,158,1916735548222470,11204,0,OK
1916735578229592,159,1916735578218795,10797,0,OK
1916735578229592,160,1916735578218795,10797,0,OK
1916735578229592,161,1916735578218795,10797,0,OK
1916735608230009,162,1916735608219157,10852,0,OK
1916735608230009,163,1916735608219157,10852,0,OK
1916735608230009,164,1916735608219157,10852,0,OK
1916735638230519,165,1916735638219223,11296,0,OK
1916735638230519,166,1916735638219223,11296,0,OK
1916735638230519,167,1916735638219223,11296,0,OK
1916735668234307,168,1916735668222789,11518,0,OK
1916735668234307,169,1916735668222789,11518,0,OK
1916735668234307,170,1916735668222789,11518,0,OK
1916735698230373,171,1916735698219243,11130,0,OK
1916735698230373,172,1916735698219243,11130,0,OK
1916735698230373,173,1916735698219243,11130,0,OK
1916735728230846,174,1916735728219809,11037,0,OK
1916735728230846,175,1916735728219809,11037,0,OK
1916735728230846,176,1916735728219809,11037,0,OK
1916735758229708,177,1916735758218856,10852,0,OK
1916735758229708,178,1916735758218856,10852,0,OK
1916735758229708,179,1916735758218856,10852,0,OK
1916735788233774,180,1916735788222441,11333,0,OK
1916735788233774,181,1916735788222441,11333,0,OK
1916735788233774,182,1916735788222441,11333,0,OK
1916735818229654,183,1916735818218895,10759,0,OK
1916735818229654,184,1916735818218895,10759,0,OK
1916735818229654,185,1916735818218895,10759,0,OK
1916735848230072,186,1916735848219183,10889,0,OK
1916735848230072,187,1916735848219183,10889,0,OK
1916735848230072,188,1916735848219183,10889,0,OK
1916735878230934,189,1916735878219453,11481,0,OK
1916735878230934,190,1916735878219453,11481,0,OK
1916735878230934,191,1916735878219453,11481,0,OK
1916735908233685,192,1916735908222796,10889,0,OK
1916735908233685,193,1916735908222796,10889,0,OK
1916735908233685,194,1916735908222796,10889,0,OK
1916735938230473,195,1916735938219473,11000,0,OK
1916735938230473,196,1916735938219473,11000,0,OK
1916735938230473,197,1916735938219473,11000,0,OK
1916735968230353,198,1916735968219816,10537,0,OK
1916735968230353,199,1916735968219816,10537,0,OK
1916735968230353,200,1916735968219816,10537,0,OK
1916735998248012,201,1916735998219567,28445,0,OK
1916735998248012,202,1916735998219567,28445,0,OK
1916735998248012,203,1916735998219567,28445,0,OK
1916736028237615,204,1916736028220152,17463,0,OK
1916736028237615,205,1916736028220152,17463,0,OK
1916736028237615,206,1916736028220152,17463,0,OK
1916736058231532,207,1916736058219643,11889,0,OK
1916736058231532,208,1916736058219643,11889,0,OK
1916736058231532,209,1916736058219643,11889,0,OK
1916736088230153,210,1916736088219061,11092,0,OK
1916736088230153,211,1916736088219061,11092,0,OK
1916736088230153,212,1916736088219061,11092,0,OK
1916736118234312,213,1916736118223275,11037,0,OK
1916736118234312,214,1916736118223275,11037,0,OK
1916736118234312,215,1916736118223275,11037,0,OK
1916736148230637,216,1916736148219322,11315,0,OK
1916736148230637,217,1916736148219322,11315,0,OK
1916736148230637,218,1916736148219322,11315,0,OK
1916736178229795,219,1916736178218962,10833,0,OK
1916736178229795,220,1916736178218962,10833,0,OK
1916736178229795,221,1916736178218962,10833,0,OK
1916736208229990,222,1916736208219157,10833,0,OK
1916736208229990,223,1916736208219157,10833,0,OK
1916736208229990,224,1916736208219157,10833,0,OK
1916736238232315,225,1916736238219464,12851,0,OK
1916736238232315,226,1916736238219464,12851,0,OK
1916736238232315,227,1916736238219464,12851,0,OK
1916736268229900,228,1916736268219011,10889,0,OK
1916736268229900,229,1916736268219011,10889,0,OK
1916736268229900,230,1916736268219011,10889,0,OK
1916736298229706,231,1916736298219002,10704,0,OK
1916736298229706,232,1916736298219002,10704,0,OK
1916736298229706,233,1916736298219002,10704,0,OK
1916736328234198,234,1916736328223087,11111,0,OK
1916736328234198,235,1916736328223087,11111,0,OK
1916736328234198,236,1916736328223087,11111,0,OK
1916736358229560,237,1916736358218856,10704,0,OK
1916736358229560,238,1916736358218856,10704,0,OK
1916736358229560,239,1916736358218856,10704,0,OK
1916736388229811,240,1916736388219107,10704,0,OK
1916736388229811,241,1916736388219107,10704,0,OK
1916736388229811,242,1916736388219107,10704,0,OK
1916736418229580,243,1916736418218932,10648,0,OK
1916736418229580,244,1916736418218932,10648,0,OK
1916736418229580,245,1916736418218932,10648,0,OK
1916736448233516,246,1916736448222424,11092,0,OK
1916736448233516,247,1916736448222424,11092,0,OK
1916736448233516,248,1916736448222424,11092,0,OK
1916736478229619,249,1916736478218841,10778,0,OK
1916736478229619,250,1916736478218841,10778,0,OK
1916736478229619,251,1916736478218841,10778,0,OK
1916736508230944,252,1916736508218703,12241,0,OK
1916736508230944,253,1916736508218703,12241,0,OK
1916736508230944,254,1916736508218703,12241,0,OK
1916736538230139,255,1916736538219269,10870,0,OK
1916736538230139,256,1916736538219269,10870,0,OK
1916736538230139,257,1916736538219269,10870,0,OK
1916736568233835,258,1916736568222501,11334,0,OK
1916736568233835,259,1916736568222501,11334,0,OK
1916736568233835,260,1916736568222501,11334,0,OK
1916736598229771,261,1916736598218826,10945,0,OK
1916736598229771,262,1916736598218826,10945,0,OK
1916736598229771,263,1916736598218826,10945,0,OK
1916736628229799,264,1916736628219003,10796,0,OK
1916736628229799,265,1916736628219003,10796,0,OK
1916736628229799,266,1916736628219003,10796,0,OK
1916736658230810,267,1916736658219495,11315,0,OK
1916736658230810,268,1916736658219495,11315,0,OK
1916736658230810,269,1916736658219495,11315,0,OK
1916736688234005,270,1916736688222801,11204,0,OK
1916736688234005,271,1916736688222801,11204,0,OK
1916736688234005,272,1916736688222801,11204,0,OK
1916736718229700,273,1916736718218867,10833,0,OK
1916736718229700,274,1916736718218867,10833,0,OK
1916736718229700,275,1916736718218867,10833,0,OK
1916736748230674,276,1916736748219748,10926,0,OK
1916736748230674,277,1916736748219748,10926,0,OK
1916736748230674,278,1916736748219748,10926,0,OK
1916736778229554,279,1916736778218795,10759,0,OK
1916736778229554,280,1916736778218795,10759,0,OK
1916736778229554,281,1916736778218795,10759,0,OK
1916736808233398,282,1916736808222305,11093,0,OK
1916736808233398,283,1916736808222305,11093,0,OK
1916736808233398,284,1916736808222305,11093,0,OK
1916736838229426,285,1916736838218852,10574,0,OK
1916736838229426,286,1916736838218852,10574,0,OK
1916736838229426,287,1916736838218852,10574,0,OK
1916736868229659,288,1916736868219066,10593,0,OK
1916736868229659,289,1916736868219066,10593,0,OK
1916736868229659,290,1916736868219066,10593,0,OK
1916736898229836,291,1916736898218706,11130,0,OK
1916736898229836,292,1916736898218706,11130,0,OK
1916736898229836,293,1916736898218706,11130,0,OK
1916736928233901,294,1916736928222827,11074,0,OK
1916736928233901,295,1916736928222827,11074,0,OK
1916736928233901,296,1916736928222827,11074,0,OK
1916736958230356,297,1916736958218838,11518,0,OK
1916736958230356,298,1916736958218838,11518,0,OK
1916736958230356,299,1916736958218838,11518,0,OK
1916736988243348,300,1916736988219218,24130,0,OK
1916736988243348,301,1916736988219218,24130,0,OK
1916736988243348,302,1916736988219218,24130,0,OK
1916737018230395,303,1916737018219284,11111,0,OK
1916737018230395,304,1916737018219284,11111,0,OK
1916737018230395,305,1916737018219284,11111,0,OK
1916737048243312,306,1916737048223183,20129,0,OK
1916737048243312,307,1916737048223183,20129,0,OK
1916737048243312,308,1916737048223183,20129,0,OK
1916737078239082,309,1916737078221823,17259,0,OK
1916737078239082,310,1916737078221823,17259,0,OK
1916737078239082,311,1916737078221823,17259,0,OK
1916737108237277,312,1916737108221222,16055,0,OK
1916737108237277,313,1916737108221222,16055,0,OK
1916737108237277,314,1916737108221222,16055,0,OK
1916737138235602,315,1916737138220158,15444,0,OK
1916737138235602,316,1916737138220158,15444,0,OK
1916737138235602,317,1916737138220158,15444,0,OK
1916737168243853,318,1916737168222927,20926,0,OK
1916737168243853,319,1916737168222927,20926,0,OK
1916737168243853,320,1916737168222927,20926,0,OK
1916737198236400,321,1916737198220826,15574,0,OK
1916737198236400,322,1916737198220826,15574,0,OK
1916737198236400,323,1916737198220826,15574,0,OK
1916737228237281,324,1916737228220874,16407,0,OK
1916737228237281,325,1916737228220874,16407,0,OK
1916737228237281,326,1916737228220874,16407,0,OK
1916737258235199,327,1916737258219865,15334,0,OK
1916737258235199,328,1916737258219865,15334,0,OK
1916737258235199,329,1916737258219865,15334,0,OK
1916737288239838,330,1916737288225116,14722,0,OK
1916737288239838,331,1916737288225116,14722,0,OK
1916737288239838,332,1916737288225116,14722,0,OK
1916737318235256,333,1916737318220182,15074,0,OK
1916737318235256,334,1916737318220182,15074,0,OK
1916737318235256,335,1916737318220182,15074,0,OK
1916737348236785,336,1916737348220896,15889,0,OK
1916737348236785,337,1916737348220896,15889,0,OK
1916737348236785,338,1916737348220896,15889,0,OK
1916737378235462,339,1916737378220202,15260,0,OK
1916737378235462,340,1916737378220202,15260,0,OK
1916737378235462,341,1916737378220202,15260,0,OK
1916737408240324,342,1916737408224916,15408,0,OK
1916737408240324,343,1916737408224916,15408,0,OK
1916737408240324,344,1916737408224916,15408,0,OK
1916737438235389,345,1916737438220149,15240,0,OK
1916737438235389,346,1916737438220149,15240,0,OK
1916737438235389,347,1916737438220149,15240,0,OK
1916737468236548,348,1916737468220677,15871,0,OK
1916737468236548,349,1916737468220677,15871,0,OK
1916737468236548,350,1916737468220677,15871,0,OK
1916737498235169,351,1916737498220058,15111,0,OK
1916737498235169,352,1916737498220058,15111,0,OK
1916737498235169,353,1916737498220058,15111,0,OK
1916737528239513,354,1916737528224605,14908,0,OK
1916737528239513,355,1916737528224605,14908,0,OK
1916737528239513,356,1916737528224605,14908,0,OK
1916737558235578,357,1916737558219782,15796,0,OK
1916737558235578,358,1916737558219782,15796,0,OK
1916737558235578,359,1916737558219782,15796,0,OK
1916737588236200,360,1916737588220792,15408,0,OK
1916737588236200,361,1916737588220792,15408,0,OK
1916737588236200,362,1916737588220792,15408,0,OK
1916737618234821,363,1916737618220062,14759,0,OK
1916737618234821,364,1916737618220062,14759,0,OK
1916737618234821,365,1916737618220062,14759,0,OK
1916737648241609,366,1916737648222016,19593,0,OK
1916737648241609,367,1916737648222016,19593,0,OK
1916737648241609,368,1916737648222016,19593,0,OK
1916737678236712,369,1916737678220212,16500,0,OK
1916737678236712,370,1916737678220212,16500,0,OK
1916737678236712,371,1916737678220212,16500,0,OK
1916737708236111,372,1916737708220740,15371,0,OK
1916737708236111,373,1916737708220740,15371,0,OK
1916737708236111,374,1916737708220740,15371,0,OK
1916737738234843,375,1916737738220047,14796,0,OK
1916737738234843,376,1916737738220047,14796,0,OK
1916737738234843,377,1916737738220047,14796,0,OK
1916737768235890,378,1916737768219983,15907,0,OK
1916737768235890,379,1916737768219983,15907,0,OK
1916737768235890,380,1916737768219983,15907,0,OK
1916737798234734,381,1916737798220030,14704,0,OK
1916737798234734,382,1916737798220030,14704,0,OK
1916737798234734,383,1916737798220030,14704,0,OK
1916737828236022,384,1916737828220485,15537,0,OK
1916737828236022,385,1916737828220485,15537,0,OK
1916737828236022,386,1916737828220485,15537,0,OK
1916737858240199,387,1916737858221514,18685,0,OK
1916737858240199,388,1916737858221514,18685,0,OK
1916737858240199,389,1916737858221514,18685,0,OK
1916737888236616,390,1916737888220653,15963,0,OK
1916737888236616,391,1916737888220653,15963,0,OK
1916737888236616,392,1916737888220653,15963,0,OK
1916737918235256,393,1916737918219590,15666,0,OK
1916737918235256,394,1916737918219590,15666,0,OK
1916737918235256,395,1916737918219590,15666,0,OK
1916737948236359,396,1916737948221340,15019,0,OK
1916737948236359,397,1916737948221340,15019,0,OK
1916737948236359,398,1916737948221340,15019,0,OK
1916737978240017,399,1916737978221536,18481,0,OK
1916737978240017,400,1916737978221536,18481,0,OK
1916737978240017,401,1916737978221536,18481,0,OK
1916738008255102,402,1916738008220250,34852,0,OK
1916738008255102,403,1916738008220250,34852,0,OK
1916738008255102,404,1916738008220250,34852,0,OK
1916738038235741,405,1916738038220334,15407,0,OK
1916738038235741,406,1916738038220334,15407,0,OK
1916738038235741,407,1916738038220334,15407,0,OK
1916738068238122,408,1916738068220604,17518,0,OK
1916738068238122,409,1916738068220604,17518,0,OK
1916738068238122,410,1916738068220604,17518,0,OK
1916738098240632,411,1916738098221947,18685,0,OK
1916738098240632,412,1916738098221947,18685,0,OK
1916738098240632,413,1916738098221947,18685,0,OK
1916738128236939,414,1916738128220772,16167,0,OK
1916738128236939,415,1916738128220772,16167,0,OK
1916738128236939,416,1916738128220772,16167,0,OK
1916738158235004,417,1916738158220079,14925,0,OK
1916738158235004,418,1916738158220079,14925,0,OK
1916738158235004,419,1916738158220079,14925,0,OK
1916738188236496,420,1916738188220311,16185,0,OK
1916738188236496,421,1916738188220311,16185,0,OK
1916738188236496,422,1916738188220311,16185,0,OK
1916738218240080,423,1916738218224747,15333,0,OK
1916738218240080,424,1916738218224747,15333,0,OK
1916738218240080,425,1916738218224747,15333,0,OK
1916738248237368,426,1916738248221387,15981,0,OK
1916738248237368,427,1916738248221387,15981,0,OK
1916738248237368,428,1916738248221387,15981,0,OK
1916738278235508,429,1916738278220175,15333,0,OK
1916738278235508,430,1916738278220175,15333,0,OK
1916738278235508,431,1916738278220175,15333,0,OK
1916738308235889,432,1916738308220481,15408,0,OK
1916738308235889,433,1916738308220481,15408,0,OK
1916738308235889,434,1916738308220481,15408,0,OK
1916738338239695,435,1916738338224066,15629,0,OK
1916738338239695,436,1916738338224066,15629,0,OK
1916738338239695,437,1916738338224066,15629,0,OK
1916738368236298,438,1916738368220668,15630,0,OK
1916738368236298,439,1916738368220668,15630,0,OK
1916738368236298,440,1916738368220668,15630,0,OK
1916738398235919,441,1916738398220105,15814,0,OK
1916738398235919,442,1916738398220105,15814,0,OK
1916738398235919,443,1916738398220105,15814,0,OK
1916738428235911,444,1916738428220485,15426,0,OK
1916738428235911,445,1916738428220485,15426,0,OK
1916738428235911,446,1916738428220485,15426,0,OK
1916738458239884,447,1916738458224070,15814,0,OK
1916738458239884,448,1916738458224070,15814,0,OK
1916738458239884,449,1916738458224070,15814,0,OK
1916738488235376,450,1916738488220654,14722,0,OK
1916738488235376,451,1916738488220654,14722,0,OK
1916738488235376,452,1916738488220654,14722,0,OK
1916738518234682,453,1916738518220034,14648,0,OK
1916738518234682,454,1916738518220034,14648,0,OK
1916738518234682,455,1916738518220034,14648,0,OK
1916738548235489,456,1916738548220471,15018,0,OK
1916738548235489,457,1916738548220471,15018,0,OK
1916738548235489,458,1916738548220471,15018,0,OK
1916738578240536,459,1916738578221536,19000,0,OK
1916738578240536,460,1916738578221536,19000,0,OK
1916738578240536,461,1916738578221536,19000,0,OK
1916738608236102,462,1916738608220713,15389,0,OK
1916738608236102,463,1916738608220713,15389,0,OK
1916738608236102,464,1916738608220713,15389,0,OK
1916738638235075,465,1916738638220149,14926,0,OK
1916738638235075,466,1916738638220149,14926,0,OK
1916738638235075,467,1916738638220149,14926,0,OK
1916738668235752,468,1916738668220530,15222,0,OK
1916738668235752,469,1916738668220530,15222,0,OK
1916738668235752,470,1916738668220530,15222,0,OK
1916738698235855,471,1916738698220633,15222,0,OK
1916738698235855,472,1916738698220633,15222,0,OK
1916738698235855,473,1916738698220633,15222,0,OK
1916738728236032,474,1916738728220513,15519,0,OK
1916738728236032,475,1916738728220513,15519,0,OK
1916738728236032,476,1916738728220513,15519,0,OK
1916738758235283,477,1916738758220209,15074,0,OK
1916738758235283,478,1916738758220209,15074,0,OK
1916738758235283,479,1916738758220209,15074,0,OK
1916738788240441,480,1916738788221589,18852,0,OK
1916738788240441,481,1916738788221589,18852,0,OK
1916738788240441,482,1916738788221589,18852,0,OK
1916738818235581,483,1916738818220840,14741,0,OK
1916738818235581,484,1916738818220840,14741,0,OK
1916738818235581,485,1916738818220840,14741,0,OK
1916738848235702,486,1916738848220369,15333,0,OK
1916738848235702,487,1916738848220369,15333,0,OK
1916738848235702,488,1916738848220369,15333,0,OK
1916738878234953,489,1916738878220083,14870,0,OK
1916738878234953,490,1916738878220083,14870,0,OK
1916738878234953,491,1916738878220083,14870,0,OK
1916738908239945,492,1916738908224797,15148,0,OK
1916738908239945,493,1916738908224797,15148,0,OK
1916738908239945,494,1916738908224797,15148,0,OK
1916738938235381,495,1916738938220085,15296,0,OK
1916738938235381,496,1916738938220085,15296,0,OK
1916738938235381,497,1916738938220085,15296,0,OK
1916738968236891,498,1916738968220465,16426,0,OK
1916738968236891,499,1916738968220465,16426,0,OK
1916738968236891,500,1916738968220465,16426,0,OK
1916738998254938,501,1916738998220976,33962,0,OK
1916738998254938,502,1916738998220976,33962,0,OK
1916738998254938,503,1916738998220976,33962,0,OK
1916739028239467,504,1916739028223301,16166,0,OK
1916739028239467,505,1916739028223301,16166,0,OK
1916739028239467,506,1916739028223301,16166,0,OK
1916739058234737,507,1916739058220237,14500,0,OK
1916739058234737,508,1916739058220237,14500,0,OK
1916739058234737,509,1916739058220237,14500,0,OK
1916739088236469,510,1916739088220654,15815,0,OK
1916739088236469,511,1916739088220654,15815,0,OK
1916739088236469,512,1916739088220654,15815,0,OK
1916739118242405,513,1916739118222498,19907,0,OK
1916739118242405,514,1916739118222498,19907,0,OK
1916739118242405,515,1916739118222498,19907,0,OK
1916739148236897,516,1916739148220860,16037,0,OK
1916739148236897,517,1916739148220860,16037,0,OK
1916739148236897,518,1916739148220860,16037,0,OK
1916739178235463,519,1916739178220092,15371,0,OK
1916739178235463,520,1916739178220092,15371,0,OK
1916739178235463,521,1916739178220092,15371,0,OK
1916739208236417,522,1916739208220751,15666,0,OK
1916739208236417,523,1916739208220751,15666,0,OK
1916739208236417,524,1916739208220751,15666,0,OK
1916739238240057,525,1916739238225057,15000,0,OK
1916739238240057,526,1916739238225057,15000,0,OK
1916739238240057,527,1916739238225057,15000,0,OK
1916739268236364,528,1916739268220568,15796,0,OK
1916739268236364,529,1916739268220568,15796,0,OK
1916739268236364,530,1916739268220568,15796,0,OK
1916739298234781,531,1916739298220078,14703,0,OK
1916739298234781,532,1916739298220078,14703,0,OK
1916739298234781,533,1916739298220078,14703,0,OK
1916739328236384,534,1916739328220551,15833,0,OK
1916739328236384,535,1916739328220551,15833,0,OK
1916739328236384,536,1916739328220551,15833,0,OK
1916739358239339,537,1916739358223987,15352,0,OK
1916739358239339,538,1916739358223987,15352,0,OK
1916739358239339,539,1916739358223987,15352,0,OK
1916739388236997,540,1916739388220553,16444,0,OK
1916739388236997,541,1916739388220553,16444,0,OK
1916739388236997,542,1916739388220553,16444,0,OK
1916739418234748,543,1916739418219989,14759,0,OK
1916739418234748,544,1916739418219989,14759,0,OK
1916739418234748,545,1916739418219989,14759,0,OK
1916739448236203,546,1916739448220481,15722,0,OK
1916739448236203,547,1916739448220481,15722,0,OK
1916739448236203,548,1916739448220481,15722,0,OK
1916739478240046,549,1916739478224046,16000,0,OK
1916739478240046,550,1916739478224046,16000,0,OK
1916739478240046,551,1916739478224046,16000,0,OK
1916739508236464,552,1916739508220705,15759,0,OK
1916739508236464,553,1916739508220705,15759,0,OK
1916739508236464,554,1916739508220705,15759,0,OK
1916739538234752,555,1916739538219993,14759,0,OK
1916739538234752,556,1916739538219993,14759,0,OK
1916739538234752,557,1916739538219993,14759,0,OK
1916739568235892,558,1916739568220522,15370,0,OK
1916739568235892,559,1916739568220522,15370,0,OK
1916739568235892,560,1916739568220522,15370,0,OK
1916739598235624,561,1916739598219847,15777,0,OK
1916739598235624,562,1916739598219847,15777,0,OK
1916739598235624,563,1916739598219847,15777,0,OK
1916739628235783,564,1916739628220709,15074,0,OK
1916739628235783,565,1916739628220709,15074,0,OK
1916739628235783,566,1916739628220709,15074,0,OK
1916739658235293,567,1916739658220108,15185,0,OK
1916739658235293,568,1916739658220108,15185,0,OK
1916739658235293,569,1916739658220108,15185,0,OK
1916739688240747,570,1916739688222211,18536,0,OK
1916739688240747,571,1916739688222211,18536,0,OK
1916739688240747,572,1916739688222211,18536,0,OK
1916739718235776,573,1916739718220369,15407,0,OK
1916739718235776,574,1916739718220369,15407,0,OK
1916739718235776,575,1916739718220369,15407,0,OK
1916739748235842,576,1916739748220509,15333,0,OK
1916739748235842,577,1916739748220509,15333,0,OK
1916739748235842,578,1916739748220509,15333,0,OK
1916739778235167,579,1916739778219982,15185,0,OK
1916739778235167,580,1916739778219982,15185,0,OK
1916739778235167,581,1916739778219982,15185,0,OK
1916739808235529,582,1916739808220214,15315,0,OK
1916739808235529,583,1916739808220214,15315,0,OK
1916739808235529,584,1916739808220214,15315,0,OK
1916739838236206,585,1916739838220614,15592,0,OK
1916739838236206,586,1916739838220614,15592,0,OK
1916739838236206,587,1916739838220614,15592,0,OK
1916739868236476,588,1916739868220698,15778,0,OK
1916739868236476,589,1916739868220698,15778,0,OK
1916739868236476,590,1916739868220698,15778,0,OK
1916739898234949,591,1916739898220078,14871,0,OK
1916739898234949,592,1916739898220078,14871,0,OK
1916739898234949,593,1916739898220078,14871,0,OK
1916739928240774,594,1916739928222033,18741,0,OK
1916739928240774,595,1916739928222033,18741,0,OK
1916739928240774,596,1916739928222033,18741,0,OK
1916739958235932,597,1916739958220136,15796,0,OK
1916739958235932,598,1916739958220136,15796,0,OK
1916739958235932,599,1916739958220136,15796,0,OK
1916739988251072,600,1916739988219850,31222,0,OK
1916739988251072,601,1916739988219850,31222,0,OK
1916739988251072,602,1916739988219850,31222,0,OK
1916740018235693,603,1916740018220675,15018,0,OK
1916740018235693,604,1916740018220675,15018,0,OK
1916740018235693,605,1916740018220675,15018,0,OK
1916740048236833,606,1916740048221352,15481,0,OK
1916740048236833,607,1916740048221352,15481,0,OK
1916740048236833,608,1916740048221352,15481,0,OK
1916740078235158,609,1916740078220566,14592,0,OK
1916740078235158,610,1916740078220566,14592,0,OK
1916740078235158,611,1916740078220566,14592,0,OK
1916740108235576,612,1916740108220520,15056,0,OK
1916740108235576,613,1916740108220520,15056,0,OK
1916740108235576,614,1916740108220520,15056,0,OK
1916740138235216,615,1916740138219994,15222,0,OK
1916740138235216,616,1916740138219994,15222,0,OK
1916740138235216,617,1916740138219994,15222,0,OK
1916740168242059,618,1916740168222374,19685,0,OK
1916740168242059,619,1916740168222374,19685,0,OK
1916740168242059,620,1916740168222374,19685,0,OK
1916740198235681,621,1916740198220051,15630,0,OK
1916740198235681,622,1916740198220051,15630,0,OK
1916740198235681,623,1916740198220051,15630,0,OK
1916740228235765,624,1916740228220154,15611,0,OK
1916740228235765,625,1916740228220154,15611,0,OK
1916740228235765,626,1916740228220154,15611,0,OK
1916740258235405,627,1916740258220794,14611,0,OK
1916740258235405,628,1916740258220794,14611,0,OK
1916740258235405,629,1916740258220794,14611,0,OK
1916740288240452,630,1916740288225156,15296,0,OK
1916740288240452,631,1916740288225156,15296,0,OK
1916740288240452,632,1916740288225156,15296,0,OK
1916740318235833,633,1916740318220425,15408,0,OK
1916740318235833,634,1916740318220425,15408,0,OK
1916740318235833,635,1916740318220425,15408,0,OK
1916740348235917,636,1916740348220436,15481,0,OK
1916740348235917,637,1916740348220436,15481,0,OK
1916740348235917,638,1916740348220436,15481,0,OK
1916740378235057,639,1916740378220075,14982,0,OK
1916740378235057,640,1916740378220075,14982,0,OK
1916740378235057,641,1916740378220075,14982,0,OK
1916740408239734,642,1916740408224678,15056,0,OK
1916740408239734,643,1916740408224678,15056,0,OK
1916740408239734,644,1916740408224678,15056,0,OK
1916740438235503,645,1916740438220281,15222,0,OK
1916740438235503,646,1916740438220281,15222,0,OK
1916740438235503,647,1916740438220281,15222,0,OK
1916740468235976,648,1916740468220569,15407,0,OK
1916740468235976,649,1916740468220569,15407,0,OK
1916740468235976,650,1916740468220569,15407,0,OK
1916740498234950,651,1916740498220061,14889,0,OK
1916740498234950,652,1916740498220061,14889,0,OK
1916740498234950,653,1916740498220061,14889,0,OK
1916740528240515,654,1916740528224849,15666,0,OK
1916740528240515,655,1916740528224849,15666,0,OK
1916740528240515,656,1916740528224849,15666,0,OK
1916740558236600,657,1916740558220063,16537,0,OK
1916740558236600,658,1916740558220063,16537,0,OK
1916740558236600,659,1916740558220063,16537,0,OK
1916740588236425,660,1916740588220591,15834,0,OK
1916740588236425,661,1916740588220591,15834,0,OK
1916740588236425,662,1916740588220591,15834,0,OK
1916740618234824,663,1916740618219731,15093,0,OK
1916740618234824,664,1916740618219731,15093,0,OK
1916740618234824,665,1916740618219731,15093,0,OK
1916740648240538,666,1916740648221982,18556,0,OK
1916740648240538,667,1916740648221982,18556,0,OK
1916740648240538,668,1916740648221982,18556,0,OK
1916740678235233,669,1916740678220326,14907,0,OK
1916740678235233,670,1916740678220326,14907,0,OK
1916740678235233,671,1916740678220326,14907,0,OK
1916740708236762,672,1916740708220984,15778,0,OK
1916740708236762,673,1916740708220984,15778,0,OK
1916740708236762,674,1916740708220984,15778,0,OK
1916740738235494,675,1916740738219865,15629,0,OK
1916740738235494,676,1916740738219865,15629,0,OK
1916740738235494,677,1916740738219865,15629,0,OK
1916740768240616,678,1916740768225579,15037,0,OK
1916740768240616,679,1916740768225579,15037,0,OK
1916740768240616,680,1916740768225579,15037,0,OK
1916740798235256,681,1916740798220052,15204,0,OK
1916740798235256,682,1916740798220052,15204,0,OK
1916740798235256,683,1916740798220052,15204,0,OK
1916740828234877,684,1916740828219655,15222,0,OK
1916740828234877,685,1916740828219655,15222,0,OK
1916740828234877,686,1916740828219655,15222,0,OK
1916740858235535,687,1916740858220795,14740,0,OK
1916740858235535,688,1916740858220795,14740,0,OK
1916740858235535,689,1916740858220795,14740,0,OK
1916740888237138,690,1916740888220879,16259,0,OK
1916740888237138,691,1916740888220879,16259,0,OK
1916740888237138,692,1916740888220879,16259,0,OK
1916740918234723,693,1916740918219926,14797,0,OK
1916740918234723,694,1916740918219926,14797,0,OK
1916740918234723,695,1916740918219926,14797,0,OK
1916740948236159,696,1916740948220307,15852,0,OK
1916740948236159,697,1916740948220307,15852,0,OK
1916740948236159,698,1916740948220307,15852,0,OK
1916740978240669,699,1916740978221669,19000,0,OK
1916740978240669,700,1916740978221669,19000,0,OK
1916740978240669,701,1916740978221669,19000,0,OK
1916741008254883,702,1916741008220050,34833,0,OK
1916741008254883,703,1916741008220050,34833,0,OK
1916741008254883,704,1916741008220050,34833,0,OK
1916741038237004,705,1916741038221560,15444,0,OK
1916741038237004,706,1916741038221560,15444,0,OK
1916741038237004,707,1916741038221560,15444,0,OK
1916741068236311,708,1916741068220459,15852,0,OK
1916741068236311,709,1916741068220459,15852,0,OK
1916741068236311,710,1916741068220459,15852,0,OK
1916741098240673,711,1916741098221803,18870,0,OK
1916741098240673,712,1916741098221803,18870,0,OK
1916741098240673,713,1916741098221803,18870,0,OK
1916741128236572,714,1916741128220646,15926,0,OK
1916741128236572,715,1916741128220646,15926,0,OK
1916741128236572,716,1916741128220646,15926,0,OK
1916741158234971,717,1916741158220045,14926,0,OK
1916741158234971,718,1916741158220045,14926,0,OK
1916741158234971,719,1916741158220045,14926,0,OK
1916741188235907,720,1916741188220444,15463,0,OK
1916741188235907,721,1916741188220444,15463,0,OK
1916741188235907,722,1916741188220444,15463,0,OK
1916741218239769,723,1916741218224455,15314,0,OK
1916741218239769,724,1916741218224455,15314,0,OK
1916741218239769,725,1916741218224455,15314,0,OK
1916741248236150,726,1916741248220558,15592,0,OK
1916741248236150,727,1916741248220558,15592,0,OK
1916741248236150,728,1916741248220558,15592,0,OK
1916741278236327,729,1916741278220771,15556,0,OK
1916741278236327,730,1916741278220771,15556,0,OK
1916741278236327,731,1916741278220771,15556,0,OK
1916741308235893,732,1916741308220467,15426,0,OK
1916741308235893,733,1916741308220467,15426,0,OK
1916741308235893,734,1916741308220467,15426,0,OK
1916741338239422,735,1916741338224292,15130,0,OK
1916741338239422,736,1916741338224292,15130,0,OK
1916741338239422,737,1916741338224292,15130,0,OK
1916741368236302,738,1916741368220136,16166,0,OK
1916741368236302,739,1916741368220136,16166,0,OK
1916741368236302,740,1916741368220136,16166,0,OK
1916741398234979,741,1916741398220090,14889,0,OK
1916741398234979,742,1916741398220090,14889,0,OK
1916741398234979,743,1916741398220090,14889,0,OK
1916741428235749,744,1916741428220360,15389,0,OK
1916741428235749,745,1916741428220360,15389,0,OK
1916741428235749,746,1916741428220360,15389,0,OK
1916741458239611,747,1916741458224037,15574,0,OK
1916741458239611,748,1916741458224037,15574,0,OK
1916741458239611,749,1916741458224037,15574,0,OK
1916741488236214,750,1916741488220658,15556,0,OK
1916741488236214,751,1916741488220658,15556,0,OK
1916741488236214,752,1916741488220658,15556,0,OK
1916741518235298,753,1916741518220113,15185,0,OK
1916741518235298,754,1916741518220113,15185,0,OK
1916741518235298,755,1916741518220113,15185,0,OK
1916741548236493,756,1916741548220771,15722,0,OK
1916741548236493,757,1916741548220771,15722,0,OK
1916741548236493,758,1916741548220771,15722,0,OK
1916741578240485,759,1916741578221448,19037,0,OK
1916741578240485,760,1916741578221448,19037,0,OK
1916741578240485,761,1916741578221448,19037,0,OK
1916741608236217,762,1916741608220495,15722,0,OK
1916741608236217,763,1916741608220495,15722,0,OK
1916741608236217,764,1916741608220495,15722,0,OK
1916741638235080,765,1916741638219783,15297,0,OK
1916741638235080,766,1916741638219783,15297,0,OK
1916741638235080,767,1916741638219783,15297,0,OK
1916741668235775,768,1916741668220553,15222,0,OK
1916741668235775,769,1916741668220553,15222,0,OK
1916741668235775,770,1916741668220553,15222,0,OK
1916741698241396,771,1916741698221619,19777,0,OK
1916741698241396,772,1916741698221619,19777,0,OK
1916741698241396,773,1916741698221619,19777,0,OK
1916741728236203,774,1916741728220610,15593,0,OK
1916741728236203,775,1916741728220610,15593,0,OK
1916741728236203,776,1916741728220610,15593,0,OK
1916741758234065,777,1916741758218843,15222,0,OK
1916741758234065,778,1916741758218843,15222,0,OK
1916741758234065,779,1916741758218843,15222,0,OK
1916741788236835,780,1916741788220760,16075,0,OK
1916741788236835,781,1916741788220760,16075,0,OK
1916741788236835,782,1916741788220760,16075,0,OK
1916741818239789,783,1916741818224604,15185,0,OK
1916741818239789,784,1916741818224604,15185,0,OK
1916741818239789,785,1916741818224604,15185,0,OK
1916741848236448,786,1916741848220651,15797,0,OK
1916741848236448,787,1916741848220651,15797,0,OK
1916741848236448,788,1916741848220651,15797,0,OK
1916741878236050,789,1916741878220588,15462,0,OK
1916741878236050,790,1916741878220588,15462,0,OK
1916741878236050,791,1916741878220588,15462,0,OK
1916741908235579,792,1916741908220376,15203,0,OK
1916741908235579,793,1916741908220376,15203,0,OK
1916741908235579,794,1916741908220376,15203,0,OK
1916741938239886,795,1916741938221349,18537,0,OK
1916741938239886,796,1916741938221349,18537,0,OK
1916741938239886,797,1916741938221349,18537,0,OK
1916741968235822,798,1916741968220359,15463,0,OK
1916741968235822,799,1916741968220359,15463,0,OK
1916741968235822,800,1916741968220359,15463,0,OK
1916741998252351,801,1916741998220203,32148,0,OK
1916741998252351,802,1916741998220203,32148,0,OK
1916741998252351,803,1916741998220203,32148,0,OK
1916742028237694,804,1916742028220731,16963,0,OK
1916742028237694,805,1916742028220731,16963,0,OK
1916742028237694,806,1916742028220731,16963,0,OK
1916742058237075,807,1916742058219945,17130,0,OK
1916742058237075,808,1916742058219945,17130,0,OK
1916742058237075,809,1916742058219945,17130,0,OK
1916742088236308,810,1916742088221011,15297,0,OK
1916742088236308,811,1916742088221011,15297,0,OK
1916742088236308,812,1916742088221011,15297,0,OK
1916742118234929,813,1916742118220781,14148,0,OK
1916742118234929,814,1916742118220781,14148,0,OK
1916742118234929,815,1916742118220781,14148,0,OK
1916742148241643,816,1916742148225161,16482,0,OK
1916742148241643,817,1916742148225161,16482,0,OK
1916742148241643,818,1916742148225161,16482,0,OK
1916742178235153,819,1916742178220098,15055,0,OK
1916742178235153,820,1916742178220098,15055,0,OK
1916742178235153,821,1916742178220098,15055,0,OK
1916742208235997,822,1916742208220460,15537,0,OK
1916742208235997,823,1916742208220460,15537,0,OK
1916742208235997,824,1916742208220460,15537,0,OK
1916742238235248,825,1916742238220044,15204,0,OK
1916742238235248,826,1916742238220044,15204,0,OK
1916742238235248,827,1916742238220044,15204,0,OK
1916742268235110,828,1916742268219406,15704,0,OK
1916742268235110,829,1916742268219406,15704,0,OK
1916742268235110,830,1916742268219406,15704,0,OK
1916742298234916,831,1916742298220083,14833,0,OK
1916742298234916,832,1916742298220083,14833,0,OK
1916742298234916,833,1916742298220083,14833,0,OK
1916742328236093,834,1916742328220316,15777,0,OK
1916742328236093,835,1916742328220316,15777,0,OK
1916742328236093,836,1916742328220316,15777,0,OK
1916742358235455,837,1916742358220122,15333,0,OK
1916742358235455,838,1916742358220122,15333,0,OK
1916742358235455,839,1916742358220122,15333,0,OK
1916742388241836,840,1916742388222206,19630,0,OK
1916742388241836,841,1916742388222206,19630,0,OK
1916742388241836,842,1916742388222206,19630,0,OK
1916742418235643,843,1916742418220106,15537,0,OK
1916742418235643,844,1916742418220106,15537,0,OK
1916742418235643,845,1916742418220106,15537,0,OK
1916742448235912,846,1916742448220542,15370,0,OK
1916742448235912,847,1916742448220542,15370,0,OK
1916742448235912,848,1916742448220542,15370,0,OK
1916742478234719,849,1916742478220052,14667,0,OK
1916742478234719,850,1916742478220052,14667,0,OK
1916742478234719,851,1916742478220052,14667,0,OK
1916742508240062,852,1916742508224877,15185,0,OK
1916742508240062,853,1916742508224877,15185,0,OK
1916742508240062,854,1916742508224877,15185,0,OK
1916742538235221,855,1916742538220128,15093,0,OK
1916742538235221,856,1916742538220128,15093,0,OK
1916742538235221,857,1916742538220128,15093,0,OK
1916742568235898,858,1916742568220527,15371,0,OK
1916742568235898,859,1916742568220527,15371,0,OK
1916742568235898,860,1916742568220527,15371,0,OK
1916742598235075,861,1916742598219982,15093,0,OK
1916742598235075,862,1916742598219982,15093,0,OK
1916742598235075,863,1916742598219982,15093,0,OK
1916742628240085,864,1916742628224640,15445,0,OK
1916742628240085,865,1916742628224640,15445,0,OK
1916742628240085,866,1916742628224640,15445,0,OK
1916742658235002,867,1916742658219780,15222,0,OK
1916742658235002,868,1916742658219780,15222,0,OK
1916742658235002,869,1916742658219780,15222,0,OK
1916742688236179,870,1916742688220698,15481,0,OK
1916742688236179,871,1916742688220698,15481,0,OK
1916742688236179,872,1916742688220698,15481,0,OK
1916742718236023,873,1916742718220060,15963,0,OK
1916742718236023,874,1916742718220060,15963,0,OK
1916742718236023,875,1916742718220060,15963,0,OK
1916742748240830,876,1916742748221904,18926,0,OK
1916742748240830,877,1916742748221904,18926,0,OK
1916742748240830,878,1916742748221904,18926,0,OK
1916742778235470,879,1916742778220173,15297,0,OK
1916742778235470,880,1916742778220173,15297,0,OK
1916742778235470,881,1916742778220173,15297,0,OK
1916742808236443,882,1916742808220202,16241,0,OK
1916742808236443,883,1916742808220202,16241,0,OK
1916742808236443,884,1916742808220202,16241,0,OK
1916742838235305,885,1916742838220249,15056,0,OK
1916742838235305,886,1916742838220249,15056,0,OK
1916742838235305,887,1916742838220249,15056,0,OK
1916742868241593,888,1916742868221982,19611,0,OK
1916742868241593,889,1916742868221982,19611,0,OK
1916742868241593,890,1916742868221982,19611,0,OK
1916742898234844,891,1916742898219659,15185,0,OK
1916742898234844,892,1916742898219659,15185,0,OK
1916742898234844,893,1916742898219659,15185,0,OK
1916742928235762,894,1916742928220391,15371,0,OK
1916742928235762,895,1916742928220391,15371,0,OK
1916742928235762,896,1916742928220391,15371,0,OK
1916742958235050,897,1916742958219846,15204,0,OK
1916742958235050,898,1916742958219846,15204,0,OK
1916742958235050,899,1916742958219846,15204,0,OK
1916742988251912,900,1916742988219727,32185,0,OK
1916742988251912,901,1916742988219727,32185,0,OK
1916742988251912,902,1916742988219727,32185,0,OK
1916743018235681,903,1916743018220700,14981,0,OK
1916743018235681,904,1916743018220700,14981,0,OK
1916743018235681,905,1916743018220700,14981,0,OK
1916743048236655,906,1916743048221173,15482,0,OK
1916743048236655,907,1916743048221173,15482,0,OK
1916743048236655,908,1916743048221173,15482,0,OK
1916743078234943,909,1916743078219998,14945,0,OK
1916743078234943,910,1916743078219998,14945,0,OK
1916743078234943,911,1916743078219998,14945,0,OK
1916743108240379,912,1916743108225064,15315,0,OK
1916743108240379,913,1916743108225064,15315,0,OK
1916743108240379,914,1916743108225064,15315,0,OK
1916743138235130,915,1916743138220111,15019,0,OK
1916743138235130,916,1916743138220111,15019,0,OK
1916743138235130,917,1916743138220111,15019,0,OK
1916743168235936,918,1916743168220529,15407,0,OK
1916743168235936,919,1916743168220529,15407,0,OK
1916743168235936,920,1916743168220529,15407,0,OK
1916743198235632,921,1916743198220058,15574,0,OK
1916743198235632,922,1916743198220058,15574,0,OK
1916743198235632,923,1916743198220058,15574,0,OK
1916743228240049,924,1916743228224901,15148,0,OK
1916743228240049,925,1916743228224901,15148,0,OK
1916743228240049,926,1916743228224901,15148,0,OK
1916743258235134,927,1916743258220041,15093,0,OK
1916743258235134,928,1916743258220041,15093,0,OK
1916743258235134,929,1916743258220041,15093,0,OK
1916743288235811,930,1916743288220459,15352,0,OK
1916743288235811,931,1916743288220459,15352,0,OK
1916743288235811,932,1916743288220459,15352,0,OK
1916743318236099,933,1916743318220617,15482,0,OK
1916743318236099,934,1916743318220617,15482,0,OK
1916743318236099,935,1916743318220617,15482,0,OK
1916743348240591,936,1916743348225183,15408,0,OK
1916743348240591,937,1916743348225183,15408,0,OK
1916743348240591,938,1916743348225183,15408,0,OK
1916743378235416,939,1916743378220175,15241,0,OK
1916743378235416,940,1916743378220175,15241,0,OK
1916743378235416,941,1916743378220175,15241,0,OK
1916743408235852,942,1916743408220389,15463,0,OK
1916743408235852,943,1916743408220389,15463,0,OK
1916743408235852,944,1916743408220389,15463,0,OK
1916743438236103,945,1916743438220047,16056,0,OK
1916743438236103,946,1916743438220047,16056,0,OK
1916743438236103,947,1916743438220047,16056,0,OK
1916743468241224,948,1916743468222058,19166,0,OK
1916743468241224,949,1916743468222058,19166,0,OK
1916743468241224,950,1916743468222058,19166,0,OK
1916743498235235,951,1916743498219975,15260,0,OK
1916743498235235,952,1916743498219975,15260,0,OK
1916743498235235,953,1916743498219975,15260,0,OK
1916743528236152,954,1916743528220597,15555,0,OK
1916743528236152,955,1916743528220597,15555,0,OK
1916743528236152,956,1916743528220597,15555,0,OK
1916743558235848,957,1916743558220848,15000,0,OK
1916743558235848,958,1916743558220848,15000,0,OK
1916743558235848,959,1916743558220848,15000,0,OK
1916743588240580,960,1916743588224932,15648,0,OK
1916743588240580,961,1916743588224932,15648,0,OK
1916743588240580,962,1916743588224932,15648,0,OK
1916743618234924,963,1916743618220035,14889,0,OK
1916743618234924,964,1916743618220035,14889,0,OK
1916743618234924,965,1916743618220035,14889,0,OK
1916743648235712,966,1916743648220527,15185,0,OK
1916743648235712,967,1916743648220527,15185,0,OK
1916743648235712,968,1916743648220527,15185,0,OK
1916743678234815,969,1916743678219426,15389,0,OK
1916743678234815,970,1916743678219426,15389,0,OK
1916743678234815,971,1916743678219426,15389,0,OK
1916743708241677,972,1916743708222418,19259,0,OK
1916743708241677,973,1916743708222418,19259,0,OK
1916743708241677,974,1916743708222418,19259,0,OK
1916743738235558,975,1916743738220187,15371,0,OK
1916743738235558,976,1916743738220187,15371,0,OK
1916743738235558,977,1916743738220187,15371,0,OK
1916743768235716,978,1916743768220586,15130,0,OK
1916743768235716,979,1916743768220586,15130,0,OK
1916743768235716,980,1916743768220586,15130,0,OK
1916743798235060,981,1916743798220152,14908,0,OK
1916743798235060,982,1916743798220152,14908,0,OK
1916743798235060,983,1916743798220152,14908,0,OK
1916743828241718,984,1916743828222014,19704,0,OK
1916743828241718,985,1916743828222014,19704,0,OK
1916743828241718,986,1916743828222014,19704,0,OK
1916743858235173,987,1916743858220154,15019,0,OK
1916743858235173,988,1916743858220154,15019,0,OK
1916743858235173,989,1916743858220154,15019,0,OK
1916743888236331,990,1916743888220609,15722,0,OK
1916743888236331,991,1916743888220609,15722,0,OK
1916743888236331,992,1916743888220609,15722,0,OK
1916743918234786,993,1916743918219786,15000,0,OK
1916743918234786,994,1916743918219786,15000,0,OK
1916743918234786,995,1916743918219786,15000,0,OK
1916743948240111,996,1916743948221981,18130,0,OK
1916743948240111,997,1916743948221981,18130,0,OK
1916743948240111,998,1916743948221981,18130,0,OK
1916743978235121,999,1916743978219881,15240,0,OK
1916743978235121,1000,1916743978219881,15240,0,OK
1916743978235121,1001,1916743978219881,15240,0,OK
1916744008401224,1002,1916744008220150,181074,0,OK
1916744008401224,1003,1916744008220150,181074,0,OK
1916744008401224,1004,1916744008220150,181074,0,OK
